# z,n,symbol,jp,abundance,half_life_sec,half_life_text,decays,binding_kev_per_a,mass_excess_kev,discovery
0,1,n,1/2+,,613.9,613.9 s,B-:100,0,8071.3181,
0,4,n,0+,,1.755e-22,2.6 MeV,,,,
0,6,n,,,,,,,,
1,0,H,1/2+,99.9855,STABLE,stable,,0,7288.9711,1920
1,1,H,1+,0.0145,STABLE,stable,,1112.28,13135.723,1932
1,2,H,1/2+,,3.888e+08,12.32 Y,B-:100,2827.27,14949.811,1934
1,3,H,2-,,,,N:100,1720.45,24621.129,1981
1,4,H,(1/2+),,8.608e-23,5.3 MeV,2N:100,1336.36,32892.447,1987
1,5,H,,,2.943e-22,1.55 MeV,,961.639,41875.725,1984
1,6,H,(1/2+),,5.069e-21,0.09 MeV,,940,49135,2003
2,1,He,1/2+,0.0002,STABLE,stable,,2572.68,14931.219,1934
2,2,He,0+,99.9998,STABLE,stable,,7073.92,2424.9159,1908
2,3,He,3/2-,,7.041e-22,0.648 MeV,N,5512.13,11231.234,1937
2,4,He,0+,,0.8067,806.7 ms,B-:100,4878.52,17592.095,1936
2,5,He,(3/2)-,,3.042e-21,150 keV,N,4123.06,26073.128,1967
2,6,He,0+,,0.1191,119.1 ms,B-:100 B-N:16,3924.52,31609.683,1965
2,7,He,1/2+,,,,N:100,3349.04,40935.826,1987
2,8,He,(0+),,1.521e-21,300 keV,N:100,2995.13,49197.147,1994
3,1,Li,2-,,,,P:100,1153.76,25323.19,1965
3,2,Li,3/2-,,3.709e-22,1.23 MeV,P,5266.13,11678.887,1941
3,3,Li,1+,4.85,STABLE,stable,,5332.33,14086.88,1921
3,4,Li,3/2-,95.15,STABLE,stable,,5606.44,14907.105,1921
3,5,Li,2+,,0.8399,839.9 ms,B-A:100 B-:100,5159.71,20945.805,1935
3,6,Li,3/2-,,0.1783,178.3 ms,B-:100 B-N:50.8,5037.77,24954.905,1951
3,7,Li,(1- 2-),,,,N:100,4531.35,33052.628,1975
3,8,Li,3/2-,,0.00875,8.75 ms,B-:100 B-N,4155.38,40728.259,1966
3,9,Li,(1- 2-),,,,N:100,3791.6,49009.577,2008
4,2,Be,0+,,4.959e-21,92 keV,A:100 2P:100,4487.25,18375.034,1958
4,3,Be,3/2-,,4.598e+06,53.22 d,EC:100,5371.55,15768.998,1938
4,4,Be,0+,,8.191e-17,5.57 eV,A:100,7062.44,4941.672,1932
4,5,Be,3/2-,100,STABLE,stable,,6462.67,11348.451,1921
4,6,Be,0+,,4.765e+13,1.51E+6 Y,B-:100,6497.63,12607.487,1935
4,7,Be,1/2+,,13.76,13.76 s,B-:100 B-A:3.1 B-P:0.00083,5952.54,20177.169,1958
4,8,Be,0+,,0.02146,21.46 ms,B-:100 B-N:0.5,5720.72,25077.761,1966
4,9,Be,(1/2-),,2.7e-21,2.7E-21 s,N,5241.44,33659.08,1983
4,10,Be,,,0.00435,4.35 ms,B-:100 B-N:81 B-2N:5,4993.9,39954.502,1973
4,11,Be,(5/2+),,7.866e-22,0.58 MeV,N:100,4540.97,49825.821,2013
4,12,Be,0+,,5.703e-22,0.8 MeV,N:100,4285.29,57447.139,2012
5,2,B,(3/2-),,5.696e-22,801 keV,P:100,3558.71,27676.553,1967
5,3,B,2+,,0.77,770 ms,EC+B+:100 B+A:100,4717.16,22921.569,1950
5,4,B,3/2-,,8.449e-19,0.54 keV,P:100,6257.07,12416.486,1940
5,5,B,3+,19.65,STABLE,stable,,6475.08,12050.611,1920
5,6,B,3/2-,80.35,STABLE,stable,,6927.73,8667.708,1920
5,7,B,1+,,0.0202,20.20 ms,B-:100 B-A:0.6,6631.22,13369.398,1935
5,8,B,3/2-,,0.01733,17.33 ms,B-:100 B-N:0.286,6496.42,16561.948,1956
5,9,B,2-,,0.0125,12.5 ms,B-:100 B-N:6.1,6101.65,23663.686,1966
5,10,B,,,0.00993,9.93 ms,B-:100 B-N:99.68,5880.04,28957.379,1966
5,11,B,,,4.562e-21,100 keV,N:100,5507.35,37111.699,2000
5,12,B,(3/2-),,0.00508,5.08 ms,B-:100 B-N:63 B-2N:11,5269.67,43716.322,1973
5,13,B,(2-),,,,N:100,4976.63,51792.64,2010
5,14,B,3/2-,,0.00292,2.92 ms,B-:100 B-N:71.8 B-2N:16,4719.63,59770.251,1984
5,15,B,(1- 2-),,9.125e-22,500 keV,N:100,4405.65,69401.569,2018
5,16,B,(3/2-),,7.604e-22,600 keV,2N:100,4152.53,78382.887,2018
6,2,C,0+,,3.51e-21,130 keV,2P:100,3101.52,35064.269,1974
6,3,C,3/2-,,0.1265,126.5 ms,EC+B+:100 B+P:62 B+A:37.9,4337.42,28910.971,1964
6,4,C,0+,,19.29,19.290 s,EC+B+:100,6032.04,15698.673,1949
6,5,C,3/2-,,1222,20.364 m,EC+B+:100,6676.46,10649.397,1934
6,6,C,0+,98.94,STABLE,stable,,7680.14,0,1919
6,7,C,1/2-,1.06,STABLE,stable,,7469.85,3125.0093,1929
6,8,C,0+,,1.799e+11,5700 Y,B-:100,7520.32,3019.8933,1936
6,9,C,1/2+,,2.449,2.449 s,B-:100,7100.17,9873.145,1950
6,10,C,0+,,0.747,0.747 s,B-:100 B-N:99,6922.05,13694.133,1961
6,11,C,3/2+,,0.193,193 ms,B-:100 B-N:26,6558.03,21031.88,1968
6,12,C,0+,,0.092,92 ms,B-:100 B-N:31.5,6426.13,24919.266,1969
6,13,C,(1/2+),,0.0463,46.3 ms,B-:100 B-N:47 B-2N:7,6118.27,32413.754,1974
6,14,C,0+,,0.0163,16.3 ms,B-:100 B-N:65 B-2N:18.6,5961.44,37503.567,1981
6,16,C,0+,,0.0061,6.1 ms,B-:100 B-N:61 B-2N:37,5421.08,53611.203,1986
7,3,N,(1-),,1.825e-22,2.5 MeV,P:100,3643.67,38800.027,2002
7,4,N,1/2+,,5.497e-22,830 keV,P:100,5358.4,24365.644,1974
7,5,N,1+,,0.011,11.000 ms,EC+B+:100 B+A:1.93,6170.11,17338.068,1949
7,6,N,1/2-,,597.9,9.965 m,EC+B+:100,7238.86,5345.481,1934
7,7,N,1+,99.6205,STABLE,stable,,7475.61,2863.4168,1920
7,8,N,1/2-,0.3795,STABLE,stable,,7699.46,101.43809,1929
7,9,N,2-,,7.13,7.13 s,B-:100 B-A:0.0012,7373.8,5683.907,1933
7,10,N,1/2-,,4.173,4.173 s,B-:100 B-N:95.1 B-A:0.0025,7286.23,7870.079,1949
7,11,N,1-,,0.619,619 ms,B-:100 B-A:12.2 B-N:12,7038.56,13113.167,1964
7,12,N,1/2-,,0.336,336 ms,B-:100 B-N:41.8,6948.55,15856.255,1968
7,13,N,(2-),,0.1344,134.4 ms,B-:100 B-N:42.9,6709.17,21766.498,1969
7,14,N,(1/2-),,0.084,84 ms,B-:100 B-N:86,6609.02,25231.915,1970
7,15,N,(0-),,0.023,23 ms,B-:100 B-N:34 B-2N:12,6378.53,31764.805,1979
7,16,N,,,0.0141,14.1 ms,B-:100 B-N:42 B-2N:8,6236.67,36720.429,1985
7,17,N,,,5.2e-08,52 ns,N,5887,46938,
8,3,O,(3/2-),,3.51e-22,1.30 MeV,2P:100,3162.44,47738.913,2019
8,4,O,0+,,6.337e-21,72 keV,2P:100,4881.98,32013.335,1978
8,5,O,(3/2-),,0.00858,8.58 ms,B+P:100 EC+B+:100,5811.76,23115.432,1963
8,6,O,0+,,70.61,70.606 s,EC+B+:100,7052.28,8007.781,1949
8,7,O,1/2-,,122.2,122.24 s,EC+B+:100,7463.69,2855.622,1934
8,8,O,0+,99.757,STABLE,stable,,7976.21,-4737.0022,1919
8,9,O,5/2+,0.03835,STABLE,stable,,7750.73,-808.76421,1925
8,10,O,0+,0.2045,STABLE,stable,,7767.1,-782.81634,1929
8,11,O,5/2+,,26.88,26.88 s,B-:100,7566.5,3332.858,1936
8,12,O,0+,,13.51,13.51 s,B-:100,7568.57,3796.172,1959
8,13,O,(5/2+),,3.42,3.42 s,B-:100,7389.37,8062.034,1968
8,14,O,0+,,2.25,2.25 s,B-:100 B-N:22,7364.87,9283.032,1969
8,15,O,1/2+,,0.097,97 ms,B-:100 B-N:7,7163.49,14621.371,1970
8,16,O,0+,,0.072,72 ms,B-:100 B-N:42,7039.69,18500.404,1970
8,17,O,,,,,N:100,6727.81,27329.03,2008
8,18,O,0+,,4.5e-12,4.5 ps,2N:100,6497.48,34661.041,2012
9,4,F,(5/2+),,4.517e-22,1.01 MeV,,4297,42030,
9,5,F,2-,,5.014e-22,910 keV,,5285.21,31964.403,2010
9,6,F,1/2+,,6.913e-22,660 keV,P:100,6497.46,16566.752,1978
9,7,F,0-,,1.141e-20,40 keV,P:100,6964.05,10675.182,1964
9,8,F,5/2+,,64.49,64.49 s,EC+B+:100,7542.33,1951.701,1934
9,9,F,1+,,6586,109.77 m,EC+B+:100,7631.64,873.112,1937
9,10,F,1/2+,100,STABLE,stable,,7779.02,-1487.4451,1920
9,11,F,2+,,11.07,11.07 s,B-:100,7720.14,-17.463,1935
9,12,F,5/2+,,4.158,4.158 s,B-:100,7738.29,-47.605,1955
9,13,F,(4+),,4.23,4.23 s,B-:100 B-N:11,7624.3,2793.376,1965
9,14,F,(5/2+),,2.23,2.23 s,B-:100 B-N:14,7622.34,3285.263,1970
9,15,F,(3+),,0.382,382 ms,B-:100 B-N:5.9,7463.58,7544.516,1970
9,16,F,5/2+,,0.08,80 ms,B-:100 B-N:23.1,7336.31,11334.167,1970
9,17,F,1+,,0.0082,8.2 ms,B-:100 B-N:13.5,7082.25,18674.655,1979
9,18,F,(5/2+),,0.005,5.0 ms,B-:100 B-N:77,6879.67,25133.478,1981
9,19,F,,,4.6e-20,0.046 as,N:100,6626.86,33403.796,2012
9,20,F,,,0.0025,2.5 ms,B-:100 B-N:100,6444.03,40150.19,1989
9,21,F,,,,,N,6205,48960,
9,22,F,,,,,B-:100 B-2N B-7N,6011,56843,1999
10,5,Ne,(3/2-),,7.733e-22,0.59 MeV,2P:100,4868.73,40215.374,2014
10,6,Ne,0+,,5.703e-21,80 keV,2P:100,6083.18,23986.775,1977
10,7,Ne,1/2-,,0.1092,109.2 ms,EC+B+:100 ECP:95.2 ECA:2.77,6640.5,16500.452,1963
10,8,Ne,0+,,1.672,1672 ms,EC+B+:100,7341.26,5317.617,1954
10,9,Ne,1/2+,,17.22,17.22 s,EC+B+:100,7567.34,1752.054,1939
10,10,Ne,0+,90.48,STABLE,stable,,8032.24,-7041.9322,1913
10,11,Ne,3/2+,0.27,STABLE,stable,,7971.71,-5731.776,1928
10,12,Ne,0+,9.25,STABLE,stable,,8080.47,-8024.716,1913
10,13,Ne,5/2+,,37.25,37.25 s,B-:100,7955.26,-5154.045,1936
10,14,Ne,0+,,202.8,3.38 m,B-:100,7993.33,-5951.642,1956
10,15,Ne,1/2+,,0.602,602 ms,B-:100,7839.8,-2035.503,1970
10,16,Ne,0+,,0.197,197 ms,B-:100 B-N:0.13,7751.91,481.114,1970
10,17,Ne,(3/2+),,0.0315,31.5 ms,B-:100 B-N:2,7520.42,7050.91,1977
10,18,Ne,0+,,0.02,20 ms,B-:100 B-N:12 B-2N:3.7,7388.35,11299.738,1979
10,19,Ne,(3/2+),,0.015,15 ms,B-:100 B-N:28 B-2N:4,7167.07,18399.803,1985
10,20,Ne,0+,,0.0073,7.3 ms,B-:100 B-N:13 B-2N:8.9,7034.53,23280.12,1985
10,21,Ne,(3/2-),,0.0034,3.4 ms,B-:100 B-2N B-3N,6813.09,31181.594,1996
10,22,Ne,0+,,0.0035,3.5 ms,B-:100 B-N,6671,36999,1990
10,23,Ne,,,1.8e-07,180 ns,N,6436,46130,
10,24,Ne,0+,,6e-08,60 ns,B- B-N B-2N,6287,52842,2002
11,6,Na,(1/2+),,,,,5522.77,34719.58,2017
11,7,Na,(1)-,,2.281e-21,0.2 MeV,P:100,6202.22,25037.992,2004
11,8,Na,(5/2+),,1.141e-20,40 keV,P:100,6937.89,12929.384,1969
11,9,Na,2+,,0.4479,447.9 ms,EC:100 ECA:20.05,7298.5,6850.489,1950
11,10,Na,3/2+,,22.49,22.49 s,EC+B+:100,7765.56,-2184.857,1940
11,11,Na,3+,,8.21e+07,2.6018 Y,EC+B+:100,7915.66,-5181.391,1935
11,12,Na,3/2+,100,STABLE,stable,,8111.49,-9529.8535,1921
11,13,Na,4+,,5.384e+04,14.956 h,B-:100,8063.49,-8417.901,1934
11,14,Na,5/2+,,59.1,59.1 s,B-:100,8101.4,-9357.814,1943
11,15,Na,3+,,1.071,1.07128 s,B-:100,8004.2,-6860.78,1958
11,16,Na,5/2+,,0.301,301 ms,B-:100 B-N:0.13,7956.95,-5517.791,1968
11,17,Na,1+,,0.0305,30.5 ms,B-:100 B-N:0.58,7799.26,-988.315,1969
11,18,Na,3/2+,,0.0441,44.1 ms,B-:100 B-N:21.5,7682.15,2679.994,1969
11,19,Na,2+,,0.048,48 ms,B-:100 B-N:30 B-2N:1.15,7501.97,8474.67,1969
11,20,Na,3/2+,,0.017,17.0 ms,B-:100 B-N:39 B-2N:0.7,7398.68,12246.031,1969
11,21,Na,(3- 4-),,0.0132,13.2 ms,B-:100 B-N:24 B-2N:8.3,7219.88,18640.152,1972
11,22,Na,(3/2+),,0.008,8.0 ms,B-:100 B-N:47 B-2N:13,7089.93,23780.113,1972
11,23,Na,,,0.0055,5.5 ms,B-:100 B-2N:50 B-N:15,6886.44,31680.114,1983
11,24,Na,(3/2+),,0.0018,1.8 ms,B-:100 B-N:0 B-5N,6745,37831,1983
11,25,Na,,,1.8e-07,180 ns,N,6557,45903,
11,26,Na,,,6e-08,60 ns,B- B-N,6403,53134,2002
12,6,Mg,0+,,3.802e-21,0.12 MeV,2P:100,,,
12,7,Mg,1/2-,,4.002e-12,1.14E-4 eV,2P:100,5901.5,31838.394,2007
12,8,Mg,0+,,0.0904,90.4 ms,B+:100 B+P:30.3,6728.03,17477.694,1974
12,9,Mg,5/2+,,0.122,122 ms,EC+B+:100 B+P:32.6 B+A:0.5,7105.03,10903.851,1963
12,10,Mg,0+,,3.876,3.8755 s,EC+B+:100,7662.76,-399.986,1961
12,11,Mg,3/2+,,11.3,11.3046 s,EC+B+:100,7901.12,-5473.675,1939
12,12,Mg,0+,78.965,STABLE,stable,,8260.71,-13933.578,1920
12,13,Mg,5/2+,10.011,STABLE,stable,,8223.5,-13192.782,1920
12,14,Mg,0+,11.025,STABLE,stable,,8333.87,-16214.544,1920
12,15,Mg,1/2+,,567.5,9.458 m,B-:100,8263.85,-14586.594,1934
12,16,Mg,0+,,7.529e+04,20.915 h,B-:100,8272.45,-15019.946,1953
12,17,Mg,3/2+,,1.3,1.30 s,B-:100,8113.53,-10612.36,1971
12,18,Mg,0+,,0.335,335 ms,B-:100,8054.43,-8881.373,1971
12,19,Mg,1/2+,,0.27,270 ms,B-:100 B-N:6.2,7869.19,-3122.152,1977
12,20,Mg,0+,,0.086,86 ms,B-:100 B-N:5.5,7803.84,-828.901,1977
12,21,Mg,3/2-,,0.0905,90.5 ms,B-:100 B-N:14,7636.44,4962.873,1979
12,22,Mg,0+,,0.02,20 ms,B-:100 B-N,7550.39,8323.324,1979
12,23,Mg,(3/2- 5/2-),,0.0113,11.3 ms,B-:100 B-N:52 B-3N,7356.23,15639.786,1989
12,24,Mg,0+,,0.0076,7.6 ms,B-:100 B-N,7244.42,20380.159,1989
12,25,Mg,,,0.008,8 ms,N B-N B-,7055.11,28211.478,1996
12,26,Mg,0+,,,,B-:100 B-N B-2N,6928,34074,1997
12,27,Mg,,,1.8e-07,180 ns,N,6734,42775,
12,28,Mg,0+,,,,B-:100 B-7N B-6N,6598,49550,2007
13,8,Al,(5/2+),,3.5e-08,35 ns,P,6297,27090,
13,9,Al,(4)+,,0.0911,91.1 ms,EC+B+:100 B+P:55 B+2P:1.1,6782,18201,1982
13,10,Al,5/2+,,0.446,446 ms,EC+B+:100 ECP:1.04,7335.73,6748.071,1969
13,11,Al,4+,,2.053,2.053 s,EC+B+:100 ECA:0.035 ECP:0.0016,7649.58,-48.812,1953
13,12,Al,5/2+,,7.183,7.183 s,EC+B+:100,8021.14,-8915.974,1953
13,13,Al,5+,,2.263e+13,7.17E+5 Y,EC+B+:100,8149.77,-12210.139,1934
13,14,Al,5/2+,100,STABLE,stable,,8331.55,-17196.864,1922
13,15,Al,3+,,134.7,2.245 m,B-:100,8309.9,-16850.719,1934
13,16,Al,5/2+,,393.6,6.56 m,B-:100,8348.46,-18207.762,1939
13,17,Al,3+,,3.62,3.62 s,B-:100,8261.1,-15864.116,1961
13,18,Al,5/2(+),,0.644,644 ms,B-:100 B-N:1.6,8225.52,-14950.709,1971
13,19,Al,1+,,0.033,33.0 ms,B-:100 B-N:0.7,8100.34,-11099.368,1971
13,20,Al,(5/2)+,,0.0417,41.7 ms,B-:100 B-N:8.5,8020.62,-8497.382,1971
13,21,Al,(4-),,0.0563,56.3 ms,B-:100 B-N:26,7860.35,-2997.619,1977
13,22,Al,(5/2+),,0.0383,38.3 ms,B-:100 B-N:38 B-2N:0,7787.12,-223.73,1979
13,23,Al,,,0.09,90 ms,B-:100 B-N:31,7623.52,5950.384,1979
13,24,Al,,,0.0107,10.7 ms,B-:100 B-N,7531.32,9809.564,1979
13,25,Al,(0-),,0.009,9.0 ms,B-N B-2N B-,7370,16470,1989
13,26,Al,(5/2+),,0.0076,7.6 ms,B-:100 B-2N B-N,7260,21490,1989
13,27,Al,,,2.6e-07,260 ns,B-:100 B-2N B-N,7097,28820,1996
13,28,Al,,,,,B-:100 B-N,6980,34590,1997
13,29,Al,,,1.7e-07,170 ns,B- B-N B-2N,6829,41990,2007
13,30,Al,,,1.7e-07,170 ns,B- B-N B-2N,6712,48270,2007
14,8,Si,0+,,0.029,29 ms,EC+B+:100 B+P:32,6044,33640,1987
14,9,Si,(5/2)+,,0.0423,42.3 ms,EC+B+:100 ECP:88 EC2P:3.6,6554,23950,1986
14,10,Si,0+,,0.1413,141.3 ms,EC+B+:100 ECP:32.4,7167.23,10745.186,1979
14,11,Si,5/2+,,0.22,220 ms,EC+B+:100 B+P:35,7480.11,3827.322,1963
14,12,Si,0+,,2.245,2.2453 s,EC+B+:100,7924.71,-7141.003,1960
14,13,Si,5/2+,,4.15,4.15 s,EC+B+:100,8124.34,-12384.505,1939
14,14,Si,0+,92.2545,STABLE,stable,,8447.74,-21492.797,1920
14,15,Si,1/2+,4.672,STABLE,stable,,8448.64,-21895.082,1920
14,16,Si,0+,3.0735,STABLE,stable,,8520.65,-24432.962,1924
14,17,Si,3/2+,,9434,157.24 m,B-:100,8458.29,-22949.037,1934
14,18,Si,0+,,4.954e+09,157 Y,B-:100,8481.47,-24077.689,1953
14,19,Si,3/2+,,6.11,6.11 s,B-:100,8361.06,-20514.328,1971
14,20,Si,0+,,2.77,2.77 s,B-:100,8337.17,-19991.684,1971
14,21,Si,(7/2)-,,0.78,0.78 s,B-:100 B-N:5,8169.56,-14391.48,1971
14,22,Si,0+,,0.45,0.45 s,B-:100 B-N:10,8112.52,-12436.125,1971
14,23,Si,(5/2-),,0.09,90 ms,B-:100 B-N:17 B-2N,7952.9,-6571.512,1979
14,24,Si,0+,,0.063,63 ms,B-:100 B-N:25,7892.83,-4170.299,1979
14,25,Si,(5/2-),,0.0475,47.5 ms,B-:100 B-2N B-N,7730.98,2320.352,1979
14,26,Si,0+,,0.033,33.0 ms,B-:100 B-2N B-N,7655.82,5666.876,1989
14,27,Si,,,0.02,20.0 ms,B-:100 B-N:0,7482,13200,1989
14,28,Si,0+,,0.0125,12.5 ms,B-:100 B-N B-2N,7410,16840,1990
14,29,Si,,,6e-08,60 ns,B- B-N B-2N,7251,24330,2002
14,30,Si,0+,,3.6e-07,360 ns,B-:100 B-N,7156,29310,2007
15,10,P,(1/2+),,3e-08,30 ns,P:100,6794,20190,
15,11,P,(3)+,,0.0437,43.7 ms,EC+B+:100 ECP:36.8 EC2P:2.16,7198,10973,1983
15,12,P,1/2+,,0.26,260 ms,EC+B+:100 B+P:0.07,7661.09,-659.032,1977
15,13,P,3+,,0.2703,270.3 ms,EC+B+:100 ECP:0.0013 ECA:0.00086,7907.48,-7147.856,1953
15,14,P,1/2+,,4.142,4.142 s,EC+B+:100,8251.24,-16952.849,1941
15,15,P,1+,,149.9,2.498 m,EC+B+:100,8353.51,-20200.856,1934
15,16,P,1/2+,100,STABLE,stable,,8481.17,-24440.544,1920
15,17,P,1+,,1.233e+06,14.268 d,B-:100,8464.12,-24304.876,1934
15,18,P,1/2+,,2.19e+06,25.35 d,B-:100,8513.81,-26337.35,1951
15,19,P,1+,,12.43,12.43 s,B-:100,8448.19,-24548.702,1945
15,20,P,1/2+,,47.3,47.3 s,B-:100,8446.25,-24857.809,1971
15,21,P,4-,,5.6,5.6 s,B-:100,8307.87,-20251.045,1971
15,22,P,(1/2+),,2.31,2.31 s,B-:100,8267.56,-18996.012,1971
15,23,P,(2-),,0.64,0.64 s,B-:100 B-N:12,8147.27,-14621.565,1971
15,24,P,(1/2+),,0.28,0.28 s,B-:100 B-N:26,8097.97,-12774.636,1977
15,25,P,(2- 3-),,0.15,150 ms,B-:100 B-N:15.8 B-2N,7981.42,-8139.189,1979
15,26,P,,,0.101,101 ms,B-:100 B-N:30,7906.55,-4979.767,1979
15,27,P,,,0.0485,48.5 ms,B-:100 B-N:50 B-2N,7765.91,1091.842,1979
15,28,P,1/2+,,0.0365,36.5 ms,B-:100 B-N:100 B-2N,7681,5040,1989
15,29,P,,,0.0185,18.5 ms,B- B-N,7552,11110,1989
15,30,P,,,2e-07,200 ns,B-,7456,15960,1990
15,31,P,,,,,B-:100,7320,22840,1990
16,10,S,0+,,7.9e-08,79 ns,P,6525,27680,
16,11,S,(5/2+),,0.0155,15.5 ms,EC+B+:100 B+P:2.3 B+2P:1.1,6960,17491,1986
16,12,S,0+,,0.125,125 ms,EC+B+:100 ECP:20.7,7478.79,4073.203,1982
16,13,S,(5/2+),,0.188,188 ms,EC+B+:100 ECP:47,7746.38,-3094.423,1964
16,14,S,0+,,1.178,1.178 s,EC+B+:100,8122.71,-14059.254,1961
16,15,S,1/2+,,2.553,2.5534 s,EC+B+:100,8281.8,-19042.531,1940
16,16,S,0+,94.85,STABLE,stable,,8493.13,-26015.537,1920
16,17,S,3/2+,0.763,STABLE,stable,,8497.63,-26585.858,1926
16,18,S,0+,4.365,STABLE,stable,,8583.5,-29931.689,1926
16,19,S,3/2+,,7.549e+06,87.37 d,B-:100,8537.85,-28846.21,1936
16,20,S,0+,0.0158,STABLE,stable,,8575.39,-30664.141,1938
16,21,S,7/2-,,303,5.05 m,B-:100,8459.94,-26896.426,1945
16,22,S,0+,,1.022e+04,170.3 m,B-:100,8448.78,-26861.216,1958
16,23,S,(7/2)-,,11.5,11.5 s,B-:100,8344.27,-23162.672,1971
16,24,S,0+,,8.8,8.8 s,B-:100,8329.33,-22837.85,1971
16,25,S,,,1.99,1.99 s,B-:100 B-N,8229.64,-19008.58,1979
16,26,S,0+,,1.016,1.016 s,B-:100 B-N:4,8193.23,-17637.748,1979
16,27,S,(3/2-),,0.265,265 ms,B-:100 B-N:40,8063.83,-12195.461,1979
16,28,S,0+,,0.1,100 ms,B-:100 B-N:18,7996.02,-9204.236,1979
16,29,S,,,0.068,68 ms,B-:100 B-N:54,7867,-3340,1989
16,30,S,0+,,0.05,50 ms,B-:100,7785,640,1989
16,32,S,,,,,B-,7552,12390,1990
17,12,Cl,(1/2+),,2e-08,20 ns,P:100,7129,14022,1993
17,13,Cl,(3+),,3e-08,30 ns,P,7472.17,4674.548,2018
17,14,Cl,3/2+,,0.19,190 ms,EC+B+:100 ECP:2.4,7869.21,-7034.552,1977
17,15,Cl,1+,,0.298,298 ms,EC+B+:100 ECA:0.054 ECP:0.026,8072.41,-13334.706,1953
17,16,Cl,3/2+,,2.511,2.511 s,EC+B+:100,8304.76,-21003.34,1940
17,17,Cl,0+,,1.527,1.5266 s,EC+B+:100,8398.97,-24440.086,1934
17,18,Cl,3/2+,75.8,STABLE,stable,,8520.28,-29013.532,1919
17,19,Cl,2+,,9.508e+12,3.013E+5 Y,B-:98.1 EC+B+:1.9,8521.93,-29522.008,1941
17,20,Cl,3/2+,24.2,STABLE,stable,,8570.28,-31761.552,1919
17,21,Cl,2-,,2234,37.230 m,B-:100,8505.48,-29798.116,1940
17,22,Cl,3/2+,,3372,56.2 m,B-:100,8494.4,-29800.218,1949
17,23,Cl,2-,,81,1.35 m,B-:100,8427.77,-27557.818,1956
17,24,Cl,(1/2+),,38.4,38.4 s,B-:100,8412.96,-27307.192,1971
17,25,Cl,(2-),,6.8,6.8 s,B-:100,8345.89,-24831.77,1971
17,26,Cl,(1/2+),,3.13,3.13 s,B-:100,8323.87,-24159.51,1976
17,27,Cl,(2-),,0.56,0.56 s,B-:100 B-N:8,8234.48,-20478.973,1979
17,28,Cl,(1/2+),,0.413,413 ms,B-:100 B-N:24,8181.6,-18262.544,1979
17,29,Cl,(2-),,0.232,232 ms,B-:100 B-N:60,8080.78,-13734.949,1989
17,30,Cl,,,0.101,101 ms,B-:100 B-N:3,7992,-9580,1989
17,31,Cl,,,,,B-,7883,-4280,1989
17,32,Cl,,,1.7e-07,170 ns,B-,7785,740,1989
17,33,Cl,,,,,B-:100 B-N B-2N,7651,7700,2009
17,34,Cl,,,,,B-:100,7530,14290,1990
17,35,Cl,,,,,B-:100 B-6N B-5N,7386,22360,2018
18,12,Ar,0+,,1e-11,10 ps,2P:100,6866,22071,2015
18,13,Ar,5/2+,,0.015,15.0 ms,EC+B+:100 B+P:68.3 B+2P:8.9,7252,11325,1986
18,14,Ar,0+,,0.098,98 ms,EC+B+:100 ECP:35.58,7700.01,-2200.352,1977
18,15,Ar,1/2+,,0.173,173.0 ms,EC+B+:100 ECP:38.7,7928.96,-9384.295,1964
18,16,Ar,0+,,0.8438,843.8 ms,EC+B+:100,8197.67,-18378.293,1966
18,17,Ar,3/2+,,1.776,1.7756 s,EC+B+:100,8327.46,-23047.289,1940
18,18,Ar,0+,0.3336,STABLE,stable,,8519.91,-30231.542,1920
18,19,Ar,3/2+,,3.025e+06,35.011 d,EC:100,8527.14,-30947.679,1941
18,20,Ar,0+,0.0629,STABLE,stable,,8614.28,-34714.827,1934
18,21,Ar,7/2-,,8.457e+09,268 Y,B-:100,8562.6,-33242.195,1950
18,22,Ar,0+,99.6035,STABLE,stable,,8595.26,-35039.9,1920
18,23,Ar,7/2-,,6577,109.61 m,B-:100,8534.37,-33067.51,1936
18,24,Ar,0+,,1.038e+09,32.9 Y,B-:100,8555.61,-34422.678,1952
18,25,Ar,5/2(-),,322.2,5.37 m,B-:100,8488.24,-32009.811,1969
18,26,Ar,0+,,712.2,11.87 m,B-:100,8493.84,-32673.26,1969
18,27,Ar,5/2- 7/2-,,21.48,21.48 s,B-:100,8419.95,-29770.801,1974
18,28,Ar,0+,,8.4,8.4 s,B-:100,8412.38,-29771.255,1974
18,29,Ar,(3/2)-,,1.23,1.23 s,B-:100 B-N:0.2,8311.42,-25367.274,1985
18,30,Ar,0+,,0.416,416 ms,B-:100 B-N:38,8243.67,-22354.927,2004
18,31,Ar,,,0.17,170 ms,B-:100 B-N:65,8132,-17060,1989
18,32,Ar,0+,,0.106,106 ms,B-:100 B-N:37 B-2N,8054,-13230,1989
18,33,Ar,,,,,B-:100,7922,-6490,1989
18,34,Ar,0+,,,,B-:100 B-2N B-3N,7827,-1380,2009
18,35,Ar,,,6.2e-07,620 ns,B-2N B-N B-,7677,6791,2009
19,12,K,,,1e-11,10 ps,P:100,6487,34260,2019
19,14,K,,,2.5e-08,25 ns,P,7392,7540,
19,15,K,,,2.5e-08,25 ns,P,7670,-1220,
19,16,K,(3/2)+,,0.178,178 ms,EC+B+:100 ECP:0.37,7965.84,-11172.893,1976
19,17,K,2+,,0.341,341 ms,EC+B+:100 ECP:0.048 ECA:0.0034,8142.22,-17417.182,1967
19,18,K,3/2+,,1.225,1.225 s,EC+B+:100,8339.85,-24800.201,1958
19,19,K,3+,,459.1,7.651 m,EC+B+:100,8438.06,-28800.76,1937
19,20,K,3/2+,93.2581,STABLE,stable,,8557.03,-33807.195,1921
19,21,K,4-,0.0117,3.938e+16,1.248E+9 Y,B-:89.28 EC+B+:10.72,8538.09,-33535.497,1935
19,22,K,3/2+,6.7302,STABLE,stable,,8576.07,-35559.549,1921
19,23,K,2-,,4.448e+04,12.355 h,B-:100,8551.26,-35022.031,1935
19,24,K,3/2+,,8.028e+04,22.3 h,B-:100,8576.22,-36575.394,1949
19,25,K,2-,,1328,22.13 m,B-:100,8546.7,-35781.498,1954
19,26,K,3/2+,,1069,17.81 m,B-:100,8554.67,-36615.643,1964
19,27,K,(2-),,105,105 s,B-:100,8518.04,-35413.929,1965
19,28,K,1/2+,,17.5,17.50 s,B-:100,8514.88,-35711.982,1964
19,29,K,1(-),,6.8,6.8 s,B-:100 B-N:1.14,8434.23,-32284.482,1972
19,30,K,(1/2+ 3/2+),,1.26,1.26 s,B-:100 B-N:86,8372.28,-29611.496,1972
19,31,K,0(-),,0.472,472 ms,B-:100 B-N:29 B-2N,8288.58,-25727.853,1972
19,32,K,3/2+,,0.365,365 ms,B-:100 B-N:65,8221.33,-22515.457,1983
19,33,K,(2-),,0.11,110 ms,B-:100 B-N:74 B-2N:2.3,8115.03,-17137.628,1983
19,34,K,(3/2+),,0.03,30 ms,B-:100 B-N:67 B-2N:17,8022.85,-12295.722,1983
19,35,K,2-,,0.01,10 ms,B-:100 B-2N B-N,7891,-5150,1983
19,36,K,(3/2+),,,,B-:100 B-N B-4N,7792,470,2009
19,37,K,,,,,B-:100 B-N B-2N,7663,7980,2009
20,14,Ca,0+,,3.5e-08,35 ns,P 2P,7173,14890,
20,15,Ca,(1/2+),,0.0257,25.7 ms,EC+B+:100 ECP:95.9 EC2P:4.1,7476,5190,1985
20,16,Ca,0+,,0.1012,101.2 ms,EC+B+:100 ECP:51.2,7815.88,-6451.166,1977
20,17,Ca,(3/2+),,0.1811,181.1 ms,EC+B+:100 ECP:82.1,8003.46,-13136.07,1964
20,18,Ca,0+,,0.4438,443.76 ms,EC+B+:100,8240.04,-22058.503,1966
20,19,Ca,3/2+,,0.8603,860.3 ms,EC+B+:100,8369.67,-27282.707,1943
20,20,Ca,0+,96.941,STABLE,stable,,8551.3,-34846.402,1922
20,21,Ca,7/2-,,3.137e+12,9.94E+4 Y,EC:100,8546.71,-35137.908,1939
20,22,Ca,0+,0.647,STABLE,stable,,8616.56,-38547.293,1934
20,23,Ca,7/2-,0.135,STABLE,stable,,8600.67,-38408.873,1934
20,24,Ca,0+,2.086,STABLE,stable,,8658.18,-41468.73,1922
20,25,Ca,7/2-,,1.405e+07,162.61 d,B-:100,8630.55,-40812.23,1940
20,26,Ca,0+,0.004,STABLE,stable,,8668.98,-43139.61,1938
20,27,Ca,7/2-,,3.919e+05,4.536 d,B-:100,8639.35,-42344.665,1951
20,28,Ca,0+,0.187,9.152e+26,2.9E19 Y,2B-:78 2B-:74 B-:22,8666.69,-44224.868,1938
20,29,Ca,3/2-,,523.1,8.718 m,B-:100,8594.85,-41300.003,1950
20,30,Ca,0+,,13.45,13.45 s,B-:100,8550.16,-39589.23,1964
20,31,Ca,3/2(-),,10,10.0 s,B-:100 B-N,8476.91,-36332.31,1980
20,32,Ca,0+,,4.6,4.6 s,B-:100 B-N,8429.38,-34266.272,1985
20,33,Ca,(1/2-),,0.461,461 ms,B-:100 B-N:40,8330.58,-29387.707,1983
20,34,Ca,0+,,0.107,107 ms,B-:100 B-2N B-N,8247.5,-25160.587,1997
20,35,Ca,(5/2-),,0.022,22 ms,B-:100 B-2N B-N,8125.93,-18650.375,1997
20,36,Ca,0+,,0.011,11 ms,B-:100 B-N B-3N,8033.17,-13510.39,1997
20,37,Ca,,,6.2e-07,620 ns,B-2N B-N B-,7912,-6560,2009
20,38,Ca,0+,,6.2e-07,620 ns,B-N B-,7828,-1530,2009
21,17,Sc,,,,,P,7751,-4249,
21,18,Sc,(7/2-),,3e-07,300 ns,P:100,8013.46,-14172.726,1988
21,19,Sc,4-,,0.1823,182.3 ms,EC+B+:100 ECP:0.44 ECA:0.017,8173.67,-20523.353,1955
21,20,Sc,7/2-,,0.5963,596.3 ms,EC+B+:100,8369.2,-28642.36,1941
21,21,Sc,0+,,0.6808,680.79 ms,EC+B+:100,8444.93,-32121.003,1955
21,22,Sc,7/2-,,1.401e+04,3.891 h,EC+B+:100,8530.83,-36188.15,1935
21,23,Sc,2+,,1.429e+04,3.97 h,EC+B+:100,8557.38,-37816.035,1937
21,24,Sc,7/2-,100,STABLE,stable,,8618.94,-41072.321,1923
21,25,Sc,4+,,7.239e+06,83.79 d,B-:100,8622.02,-41761.643,1936
21,26,Sc,7/2-,,2.894e+05,3.3492 d,B-:100,8665.1,-44336.842,1945
21,27,Sc,6+,,1.574e+05,43.71 h,B-:100,8656.21,-44504.083,1937
21,28,Sc,7/2-,,3431,57.18 m,B-:100,8686.28,-46562.447,1940
21,29,Sc,5+,,102.5,102.5 s,B-:100,8633.47,-44537.12,1959
21,30,Sc,(7/2)-,,12.4,12.4 s,B-:100 B-N,8597.22,-43250.353,1966
21,31,Sc,3(+),,8.2,8.2 s,B-:100,8534.67,-40523.56,1980
21,32,Sc,(7/2-),,2.6,2.6 s,B-:100 B-N,8492.83,-38769.555,1980
21,33,Sc,(3)+,,0.526,526 ms,B-:100 B-N:16,8404.81,-34437.934,1990
21,34,Sc,(7/2-),,0.096,96 ms,B-:100 B-N:17,8333.37,-30842.108,1990
21,35,Sc,(1+),,0.026,26 ms,B-:100 B-N B-2N,8233.58,-25515.848,1997
21,36,Sc,,,0.013,13 ms,B-:100 B-2N B-N,8158.17,-21379.653,1997
21,37,Sc,,,0.012,12 ms,B-:100 B-N,8054.94,-15479.569,1997
21,38,Sc,,,,,B-:100 B-N,7976.41,-10829.55,2009
21,40,Sc,,,,,B-:100 B-4N B-N,7794,500,2009
22,16,Ti,,,1.2e-07,120 ns,2P,7319,11370,
22,17,Ti,(3/2+),,0.0285,28.5 ms,EC+B+:100 ECP:93.7 EC2P:14,7566,2500,1990
22,18,Ti,0+,,0.0524,52.4 ms,ECP:100 EC+B+:100,7865.86,-8993.439,1982
22,19,Ti,3/2+,,0.0819,81.9 ms,EC+B+:100 ECP:100,8034.39,-15697.539,1964
22,20,Ti,0+,,0.2087,208.65 ms,EC+B+:100,8259.24,-25104.353,1964
22,21,Ti,7/2-,,0.509,509 ms,EC+B+:100 ECP,8352.81,-29315.591,1948
22,22,Ti,0+,,1.865e+09,59.1 Y,EC:100,8533.52,-37548.586,1954
22,23,Ti,7/2-,,1.109e+04,184.8 m,EC+B+:100,8555.73,-39010.266,1941
22,24,Ti,0+,8.25,STABLE,stable,,8656.46,-44128.269,1934
22,25,Ti,5/2-,7.44,STABLE,stable,,8661.23,-44937.612,1934
22,26,Ti,0+,73.72,STABLE,stable,,8723.01,-48492.952,1923
22,27,Ti,7/2-,5.41,STABLE,stable,,8711.16,-48564.012,1934
22,28,Ti,0+,5.18,STABLE,stable,,8755.72,-51431.867,1934
22,29,Ti,3/2-,,345.6,5.76 m,B-:100,8708.99,-49732.965,1947
22,30,Ti,0+,,102,1.7 m,B-:100,8691.82,-49477.698,1966
22,31,Ti,(3/2)-,,32.7,32.7 s,B-:100,8631.13,-46881.433,1977
22,32,Ti,0+,,2.1,2.1 s,B-:100,8599.69,-45743.812,1980
22,33,Ti,(1/2)-,,1.3,1.3 s,B-:100,8518.97,-41832.469,1980
22,34,Ti,0+,,0.2,200 ms,B-:100 B-N,8467.95,-39422.995,1980
22,35,Ti,(5/2-),,0.098,98 ms,B-:100 B-N,8372.9,-34401.848,1985
22,36,Ti,0+,,0.058,58 ms,B-:100 B-N,8307.63,-30917.668,1992
22,37,Ti,(5/2-),,0.0285,28.5 ms,B-:100,8218,-25880,1997
22,38,Ti,0+,,0.022,22 ms,B-:100 B-N B-2N,8152.79,-22099.698,1997
22,39,Ti,(1/2-),,0.015,15 ms,B-:100 B-2N B-N,8058,-16370,1997
22,40,Ti,0+,,6.2e-07,620 ns,B- B-N,7990,-12200,2009
22,41,Ti,,,3.6e-07,360 ns,B-N B-,7891,-5860,2009
22,42,Ti,0+,,,,B-:100 B-N B-2N,7826,-1480,2013
23,19,V,,,5.5e-08,55 ns,P,7824,-7620,
23,20,V,,,0.0793,79.3 ms,EC+B+:100 ECP,8069.51,-17916.358,1987
23,21,V,(2)+,,0.111,111 ms,EC+B+:100 ECA,8203.46,-23808.079,1971
23,22,V,7/2-,,0.547,547 ms,EC+B+:100,8380.04,-31886.441,1975
23,23,V,0+,,0.4225,422.50 ms,EC+B+:100,8486.14,-37075.897,1952
23,24,V,3/2-,,1956,32.6 m,EC+B+:100,8582.23,-42007.07,1942
23,25,V,4+,,1.38e+06,15.974 d,EC+B+:100,8623.07,-44478.005,1937
23,26,V,7/2-,,2.851e+07,330 d,EC:100,8682.91,-47962.157,1940
23,27,V,6+,0.25,8.363e+24,2.65E+17 Y,EC+B+:99.3 B-:0.7,8695.9,-49223.24,1949
23,28,V,7/2-,99.75,STABLE,stable,,8742.09,-52203.105,1924
23,29,V,3+,,224.6,3.743 m,B-:100,8714.57,-51443.032,1934
23,30,V,7/2-,,92.58,1.543 m,B-:100,8710.14,-51851.675,1960
23,31,V,3+,,49.8,49.8 s,B-:100,8662.14,-49898.267,1970
23,32,V,(7/2-),,6.54,6.54 s,B-:100,8637.34,-49125.136,1977
23,33,V,1+,,0.216,216 ms,B-:100 B-N,8574.7,-46183.401,1980
23,34,V,(7/2-),,0.32,0.32 s,B-:100 B-N,8535.2,-44435.063,1980
23,35,V,(1+),,0.191,191 ms,B-:100 B-N,8458.16,-40430.584,1980
23,36,V,(5/2- 3/2-),,0.097,97 ms,B-:100 B-N:0.03,8403.8,-37610.617,1985
23,37,V,,,0.122,122 ms,B-:100 B-2N B-N,8322.88,-33087.402,1985
23,38,V,(3/2- 5/2-),,0.0483,48.3 ms,B-:100 B-N:10 B-2N,8271.04,-30177.121,1992
23,39,V,,,0.0336,33.6 ms,B-:100 B-N,8187.76,-25213.164,1997
23,40,V,7/2-,,0.017,17 ms,B-:100 B-N:35,8130.78,-21740.141,1997
23,41,V,(0 1 2),,0.015,15 ms,B-:100 B-N B-3N,8045,-16320,1997
23,42,V,,,3.6e-07,360 ns,B-:100 B-N,7981,-12110,2009
23,43,V,,,3.6e-07,360 ns,B- B-N,7894,-6300,2009
23,44,V,,,6.2e-07,620 ns,B- B-N B-2N,7829,-1744,2013
24,18,Cr,0+,,0.0133,13.3 ms,EC+B+:100 ECP:94.4,7456,7060,1996
24,19,Cr,(3/2+),,0.0212,21.2 ms,EC+B+:100 ECP:79.3 EC2P:11.6,7680,-1970,1992
24,20,Cr,0+,,0.0428,42.8 ms,EC+B+:100 ECP:7,7949.63,-13421.899,1987
24,21,Cr,(7/2-),,0.0609,60.9 ms,B+:100 B+P:34.4,8087.73,-19514.801,1974
24,22,Cr,0+,,0.26,0.26 s,EC+B+:100,8303.82,-29471.57,1972
24,23,Cr,3/2-,,0.5,500 ms,EC+B+:100,8407.21,-34563.093,1972
24,24,Cr,0+,,7.762e+04,21.56 h,EC+B+:100,8572.26,-42821.313,1952
24,25,Cr,5/2-,,2538,42.3 m,EC+B+:100,8613.28,-45332.352,1942
24,26,Cr,0+,4.345,4.102e+25,1.3E+18 Y,2EC,8701.02,-50261.364,1930
24,27,Cr,7/2-,,2.394e+06,27.704 d,EC:100,8711.99,-51450.715,1940
24,28,Cr,0+,83.789,STABLE,stable,,8775.99,-55419.508,1923
24,29,Cr,3/2-,9.501,STABLE,stable,,8760.21,-55287.618,1930
24,30,Cr,0+,2.365,STABLE,stable,,8777.97,-56935.379,1930
24,31,Cr,3/2-,,209.8,3.497 m,B-:100,8731.94,-55110.324,1952
24,32,Cr,0+,,356.4,5.94 m,B-:100,8723.26,-55285.128,1960
24,33,Cr,(3/2)-,,21.1,21.1 s,B-:100,8663.4,-52524.985,1978
24,34,Cr,0+,,7,7.0 s,B-:100,8644,-51991.808,1980
24,35,Cr,(1/2-),,0.74,0.74 s,B-:100,8568.6,-48115.931,1980
24,36,Cr,0+,,0.49,0.49 s,B-:100 B-N,8540.19,-46908.5,1980
24,37,Cr,(5/2-),,0.234,234 ms,B-:100 B-N,8460.17,-42496.502,1985
24,38,Cr,0+,,0.206,206 ms,B-:100 B-N,8427.39,-40852.611,1985
24,39,Cr,1/2-,,0.129,129 ms,B-:100 B-N,8347.54,-36178.299,1992
24,40,Cr,0+,,0.0429,42.9 ms,B-:100 B-N,8303.56,-33639.978,1992
24,41,Cr,(1/2-),,0.027,27 ms,B-:100,8218,-28310,1997
24,42,Cr,0+,,0.024,24 ms,B-:100,8168,-25140,1997
24,43,Cr,,,,,,8079,-19270,1997
24,44,Cr,0+,,3.6e-07,360 ns,B-:100 B-N:0,8026,-15690,2009
24,45,Cr,,,6.2e-07,620 ns,B- B-N B-2N,7939,-9630,2013
24,46,Cr,0+,,6.2e-07,620 ns,B- B-N B-2N,7884,-5640,2013
25,19,Mn,,,1.05e-07,105 ns,EC P,7457,7460,
25,20,Mn,,,,,,7747,-4980,
25,21,Mn,(4+),,0.0362,36.2 ms,EC+B+:100 ECP:57,7916.08,-12417.748,1987
25,22,Mn,(5/2-),,0.1,100 ms,EC+B+:100 ECP:3.4,8135.31,-22566.376,1987
25,23,Mn,4+,,0.1577,157.7 ms,EC+B+:100 B+P:0.28 B+A:0.0006,8274.19,-29296.644,1987
25,24,Mn,5/2-,,0.382,382 ms,EC+B+:100,8439.92,-37619.925,1970
25,25,Mn,0+,,0.2832,283.19 ms,EC+B+:100,8532.68,-42626.886,1952
25,26,Mn,5/2-,,2772,46.2 m,EC+B+:100,8633.76,-48243.225,1938
25,27,Mn,6+,,4.831e+05,5.591 d,EC+B+:100,8670.41,-50711.387,1938
25,28,Mn,7/2-,,1.168e+14,3.7E+6 Y,EC:100,8734.18,-54690.35,1955
25,29,Mn,3+,,2.697e+07,312.20 d,EC+B+:100 B-:0.000093,8737.98,-55558.247,1938
25,30,Mn,5/2-,100,STABLE,stable,,8765.02,-57712.542,1923
25,31,Mn,3+,,9284,2.5789 h,B-:100,8738.34,-56911.666,1934
25,32,Mn,5/2-,,85.4,85.4 s,B-:100,8736.71,-57486.279,1954
25,33,Mn,1+,,3,3.0 s,B-:100,8696.64,-55827.568,1961
25,34,Mn,5/2-,,4.59,4.59 s,B-:100,8680.92,-55525.328,1976
25,35,Mn,1+,,0.28,0.28 s,B-:100 IT:100,8628.14,-52967.946,1978
25,36,Mn,5/2(-),,0.709,0.709 s,B-:100 B-N:0.2,8598.92,-51742.13,1980
25,37,Mn,(1+),,0.092,92 ms,B-:100 B-N,8538.5,-48523.965,1983
25,38,Mn,5/2-,,0.275,0.275 s,B-:100 B-N,8505.1,-46887.061,1985
25,39,Mn,1(+),,0.09,90 ms,B-:100 B-N:2.7,8437.42,-42989.04,1985
25,40,Mn,(5/2-),,0.092,92 ms,B-:100 B-N:7.9,8400.68,-40967.344,1985
25,41,Mn,,,0.065,65 ms,B-:100,8331.8,-36750.392,1992
25,42,Mn,(5/2-),,0.047,47 ms,B-:100 B-N,8281,-33580,1997
25,43,Mn,>3,,0.028,28 ms,B-:100 B-N:0,8209,-28920,1995
25,44,Mn,(5/2-),,0.016,16 ms,B-:100,8155,-25360,1995
25,45,Mn,,,0.0199,19.9 ms,B-:100 B-N:50,8084,-20450,2009
25,47,Mn,,,6.2e-07,620 ns,B- B-N B-2N,7955,-11170,2013
25,48,Mn,,,,,B-:100 B-N B-2N,7895,-6700,2017
26,19,Fe,(3/2+),,0.00189,1.89 ms,2P:57 EC+B+:43 B+P:43,7299,14408,1996
26,20,Fe,0+,,0.013,13.0 ms,EC+B+:100 ECP:78.7,7603,1210,1992
26,21,Fe,(7/2-),,0.0218,21.8 ms,EC+B+:100 ECP:0 EC2P,7790,-7130,1992
26,22,Fe,0+,,0.0455,45.5 ms,EC+B+:100 ECP:15.3,8022.73,-18008.575,1987
26,23,Fe,(7/2-),,0.0647,64.7 ms,EC+B+:100 B+P:56.7,8161.31,-24750.73,1970
26,24,Fe,0+,,0.152,152.0 ms,EC+B+:100 ECP:0,8354.03,-34476.46,1977
26,25,Fe,5/2-,,0.305,305 ms,EC+B+:100,8460.5,-40189.185,1972
26,26,Fe,0+,,2.979e+04,8.275 h,EC+B+:100,8609.61,-48332.095,1948
26,27,Fe,7/2-,,510.6,8.51 m,EC+B+:100,8648.8,-50947.483,1938
26,28,Fe,0+,5.845,STABLE,stable,,8736.38,-56254.615,1923
26,29,Fe,3/2-,,8.659e+07,2.744 Y,EC:100,8746.6,-57481.422,1939
26,30,Fe,0+,91.754,STABLE,stable,,8790.36,-60607.163,1923
26,31,Fe,1/2-,2.119,STABLE,stable,,8770.28,-60182.017,1935
26,32,Fe,0+,0.282,STABLE,stable,,8792.25,-62155.271,1935
26,33,Fe,3/2-,,3.844e+06,44.490 d,B-:100,8754.77,-60664.957,1938
26,34,Fe,0+,,8.268e+13,2.62E+6 Y,B-:100,8755.85,-61413.174,1957
26,35,Fe,(3/2-),,358.8,5.98 m,B-:100,8703.77,-58920.503,1957
26,36,Fe,0+,,68,68 s,B-:100,8692.88,-58878.057,1975
26,37,Fe,(5/2-),,6.1,6.1 s,B-:100,8631.55,-55635.629,1980
26,38,Fe,0+,,2,2.0 s,B-:100,8612.39,-54969.552,1980
26,39,Fe,(1/2-),,0.81,0.81 s,B-:100,8546.35,-51217.902,1980
26,40,Fe,0+,,0.44,440 ms,B-:100,8521.72,-50067.847,1985
26,41,Fe,(5/2+),,0.6,0.6 s,B-:100,8449.94,-45708.416,1985
26,42,Fe,0+,,0.188,188 ms,B-:100 B-N:0,8418,-43897,1985
26,43,Fe,,,0.11,110 ms,B-:100,8345,-39199,1992
26,44,Fe,0+,,0.065,65 ms,B-:100 B-N,8308,-36890,1997
26,45,Fe,,,0.0357,35.7 ms,B-:100 B-2N B-N,8235,-31930,1997
26,46,Fe,0+,,1.5e-07,150 ns,B-:100 B-N:27.6,8195,-29250,1997
26,47,Fe,,,0.0129,12.9 ms,B-:100 B-N B-2N,8121,-23990,2010
26,48,Fe,0+,,0.0082,8.2 ms,B-2N B-N B-,8076,-20660,2010
26,49,Fe,,,6.2e-07,620 ns,B- B-N B-2N,7996,-14700,2013
26,50,Fe,0+,,,,B-:100 B-2N B-3N,7943,-10590,2017
27,21,Co,,,,,P,7595,1730,
27,23,Co,(6+),,0.0388,38.8 ms,EC+B+:100 ECP:70.5 EC2P,8000.64,-17589.403,1987
27,24,Co,7/2-,,0.0688,68.8 ms,EC+B+:100 ECP:3.8,8193.25,-27342.146,1987
27,25,Co,(6+),,0.104,104 ms,EC+B+:100 B+P,8325.56,-34343.979,1987
27,26,Co,(7/2-),,0.24,240 ms,EC+B+:100,8477.66,-42659.376,1970
27,27,Co,0+,,0.1933,193.28 ms,EC+B+:100,8569.22,-48010.068,1952
27,28,Co,7/2-,,6.311e+04,17.53 h,EC+B+:100,8669.62,-54029.996,1938
27,29,Co,4+,,6.673e+06,77.236 d,EC+B+:100,8694.84,-56040.518,1941
27,30,Co,7/2-,,2.348e+07,271.74 d,EC:100,8741.88,-59345.658,1941
27,31,Co,2+,,6.122e+06,70.86 d,EC+B+:100,8738.97,-59847.292,1941
27,32,Co,7/2-,100,STABLE,stable,,8768.04,-62229.838,1923
27,33,Co,5+,,1.663e+08,1925.28 d,B-:100,8746.77,-61650.437,1941
27,34,Co,7/2-,,5936,1.649 h,B-:100,8756.15,-62898.179,1947
27,35,Co,(2)+,,92.4,1.54 m,B-:100,8721.33,-61424.399,1949
27,36,Co,7/2-,,27.4,27.4 s,B-:100,8717.8,-61851.553,1960
27,37,Co,1+,,0.3,0.30 s,B-:100,8675.52,-59792.442,1969
27,38,Co,(7/2)-,,1.16,1.16 s,B-:100,8656.88,-59185.205,1978
27,39,Co,(3+),,0.2,0.20 s,B-:100,8605.94,-56408.541,1985
27,40,Co,(7/2-),,0.425,0.425 s,B-:100,8581.74,-55321.783,1985
27,41,Co,(7-),,0.2,0.20 s,B-:100,8520.13,-51642.591,1985
27,42,Co,(7/2-),,0.227,227 ms,B-:100,8495.41,-50385.447,1985
27,43,Co,(6- 7-),,0.112,112 ms,B-:100 B-N,8434.2,-46524.963,1998
27,44,Co,(7/2-),,0.08,80 ms,B-:100 B-N:16,8398.73,-44369.93,1992
27,45,Co,[6- 7-],,0.0599,59.9 ms,B-:100 B-N:6,8338,-40300,1992
27,46,Co,,,0.0407,40.7 ms,B-:100 B-N:22 B-2N,8302,-37970,1995
27,47,Co,,,0.0313,31.3 ms,B-:100 B-N:18 B-2N,8239,-33540,1995
27,48,Co,,,0.03,30 ms,B-:100 B-N:16 B-2N,8197,-30560,1995
27,49,Co,,,0.0217,21.7 ms,B-:100 B-2N B-N,8131,-25660,2010
27,50,Co,,,0.013,13.0 ms,B-:100 B-N B-2N,8082,-21910,2014
27,51,Co,,,,,B-:100 B-4N B-3N,7997,-15320,2017
28,20,Ni,0+,,0.0021,2.1 ms,2P:70 B+P:30,7236,18178,2000
28,21,Ni,,,0.0075,7.5 ms,EC+B+:100 B+P:83,7450,8530,1996
28,22,Ni,0+,,0.0185,18.5 ms,EC+B+:100 ECP:73 EC2P:14,7702,-3460,1994
28,23,Ni,(7/2-),,0.0238,23.8 ms,EC+B+:100 ECP:87.2 EC2P:0.5,7870,-11650,1987
28,24,Ni,0+,,0.0408,40.8 ms,EC+B+:100 B+P:31.4,8083.9,-22559.856,1987
28,25,Ni,(7/2-),,0.0552,55.2 ms,EC+B+:100 ECP:23.4,8217.07,-29630.827,1976
28,26,Ni,0+,,0.1142,114.2 ms,EC+B+:100,8393.03,-39278.312,1977
28,27,Ni,7/2-,,0.2037,203.7 ms,EC+B+:100,8497.32,-45335.961,1972
28,28,Ni,0+,,5.249e+05,6.075 d,EC+B+:100,8642.78,-53907.649,1952
28,29,Ni,3/2-,,1.282e+05,35.60 h,EC+B+:100,8670.94,-56083.961,1938
28,30,Ni,0+,68.0769,STABLE,stable,,8732.06,-60228.871,1921
28,31,Ni,3/2-,,2.398e+12,7.6E+4 Y,EC+B+:100,8736.59,-61156.833,1951
28,32,Ni,0+,26.2231,STABLE,stable,,8780.78,-64473.243,1921
28,33,Ni,3/2-,1.1399,STABLE,stable,,8765.03,-64222.029,1934
28,34,Ni,0+,3.6345,STABLE,stable,,8794.56,-66746.44,1934
28,35,Ni,1/2-,,3.194e+09,101.2 Y,B-:100,8763.5,-65512.891,1951
28,36,Ni,0+,0.9256,STABLE,stable,,8777.46,-67099.034,1935
28,37,Ni,5/2-,,9063,2.5175 h,B-:100,8736.24,-65125.796,1946
28,38,Ni,0+,,1.966e+05,54.6 h,B-:100,8739.51,-66006.293,1948
28,39,Ni,(1/2)-,,21,21 s,B-:100,8695.75,-63742.688,1978
28,40,Ni,0+,,29,29 s,B-:100,8682.47,-63463.822,1977
28,41,Ni,(9/2+),,11.4,11.4 s,B-:100 B-N,8623.1,-59978.656,1984
28,42,Ni,0+,,6,6.0 s,B-:100,8604.29,-59213.868,1987
28,43,Ni,(9/2+),,2.56,2.56 s,B-:100,8543.16,-55406.236,1987
28,44,Ni,0+,,1.57,1.57 s,B-:100,8520.21,-54226.068,1987
28,45,Ni,(9/2+),,0.84,0.84 s,B-:100 B-N,8457.65,-50108.159,1987
28,46,Ni,0+,,0.5077,507.7 ms,B-:100 B-N,8433,-48700,1987
28,47,Ni,,,0.344,344 ms,B-:100 B-N:10,8369,-44240,1992
28,48,Ni,0+,,0.238,0.238 s,B-:100 B-N,8338,-42190,1995
28,49,Ni,(9/2+),,0.1589,158.9 ms,B-:100 B-N:26 B-2N,8272,-37350,1995
28,50,Ni,0+,,0.11,0.11 s,B-:100 B-N,8238,-34880,1995
28,51,Ni,,,0.043,43.0 ms,B-:100 B-N B-2N,8150,-28160,2010
28,52,Ni,0+,,0.024,24 ms,B-:100 B-N B-2N,8088,-23240,2014
28,53,Ni,,,,,B-:100 B-N B-2N,8000,-16090,2017
28,54,Ni,,,,,,7935,-10720,2017
29,24,Cu,,,1.3e-07,130 ns,P,7891,-13140,
29,25,Cu,3+,,7.5e-08,75 ns,P,8045,-21240,
29,26,Cu,(3/2-),,0.0559,55.9 ms,EC+B+:100 ECP,8234,-31635.403,1987
29,27,Cu,(4+),,0.0804,80.4 ms,EC+B+:100 ECP:0.4,8355.99,-38629.733,1987
29,28,Cu,3/2-,,0.1963,196.3 ms,EC+B+:100,8503.26,-47309.014,1976
29,29,Cu,1+,,3.204,3.204 s,EC+B+:100,8570.97,-51667.851,1952
29,30,Cu,3/2-,,81.5,81.5 s,EC+B+:100,8642,-56358.454,1947
29,31,Cu,2+,,1422,23.7 m,EC+B+:100,8665.6,-58345.262,1947
29,32,Cu,3/2-,,1.202e+04,3.339 h,EC+B+:100,8715.51,-61984.063,1937
29,33,Cu,1+,,580.2,9.67 m,EC+B+:100,8718.08,-62787.543,1936
29,34,Cu,3/2-,69.15,STABLE,stable,,8752.14,-65579.868,1923
29,35,Cu,1+,,4.572e+04,12.7006 h,EC+B+:61.5 B-:38.5,8739.07,-65424.418,1936
29,36,Cu,3/2-,30.85,STABLE,stable,,8757.1,-67263.677,1923
29,37,Cu,1+,,307.2,5.120 m,B-:100,8731.47,-66258.289,1937
29,38,Cu,3/2-,,2.226e+05,61.83 h,B-:100,8737.46,-67319.553,1948
29,39,Cu,1+,,30.9,30.9 s,B-:100,8701.89,-65567.043,1953
29,40,Cu,3/2-,,171,2.85 m,B-:100,8695.2,-65736.221,1966
29,41,Cu,6-,,44.5,44.5 s,B-:100,8646.87,-62976.381,1971
29,42,Cu,3/2(-),,19.4,19.4 s,B-:100,8635.02,-62711.134,1983
29,43,Cu,(2),,6.63,6.63 s,B-:100,8586.53,-59783.006,1983
29,44,Cu,3/2-,,4.2,4.2 s,B-:100 B-N,8568.57,-58987.445,1983
29,45,Cu,2-,,1.63,1.63 s,B-:100 B-N:0,8521.56,-56006.213,1987
29,46,Cu,5/2(-),,1.224,1.224 s,B-:100 B-N:3.5,8495.08,-54470.219,1985
29,47,Cu,,,0.641,0.641 s,B-:100 B-N:3,8443.6,-50981.627,1987
29,48,Cu,5/2-,,0.4698,469.8 ms,B-:100 B-N:30.1,8411.25,-48862.828,1987
29,49,Cu,(4- 5- 6-),,0.335,335 ms,B-:100 B-N:65,8354.67,-44789.474,1991
29,50,Cu,,,0.241,241.0 ms,B-:100 B-N:66 B-2N,8320.94,-42408.039,1991
29,51,Cu,,,0.1136,113.6 ms,B-:100 B-2N B-N,8246,-36679,1995
29,52,Cu,,,0.0732,73.2 ms,B-:100 B-2N B-N,8185,-31910,2010
29,53,Cu,,,0.033,33 ms,B-:100 B-2N B-N,8108,-25730,2010
29,54,Cu,,,,,B-:100 B-N B-2N,8044,-20390,2017
30,24,Zn,0+,,0.00159,1.59 ms,2P:92,7742,-5702,2005
30,25,Zn,,,0.0198,19.8 ms,EC+B+:100 ECP:91,7904,-14270,2001
30,26,Zn,0+,,0.0324,32.4 ms,EC+B+:100 ECP:88,8106,-25390,2001
30,27,Zn,(7/2-),,0.04,40 ms,EC+B+:100 B+P:65,8231,-32550,1976
30,28,Zn,0+,,0.0867,86.7 ms,EC+B+:100 ECP:3,8395.95,-42298.871,1986
30,29,Zn,3/2-,,0.1786,178.6 ms,EC+B+:100 ECP:0.1,8473.78,-47215.678,1981
30,30,Zn,0+,,142.8,2.38 m,EC+B+:100,8583.05,-54174.47,1955
30,31,Zn,3/2-,,89.1,89.1 s,EC+B+:100,8610.31,-56348.906,1955
30,32,Zn,0+,,3.309e+04,9.193 h,EC+B+:100,8679.35,-61168.088,1948
30,33,Zn,3/2-,,2308,38.47 m,EC+B+:100,8686.29,-62213.429,1937
30,34,Zn,0+,49.17,STABLE,stable,,8735.91,-66004.018,1922
30,35,Zn,5/2-,,2.108e+07,243.93 d,EC+B+:100,8724.27,-65912.024,1939
30,36,Zn,0+,27.73,STABLE,stable,,8759.63,-68899.229,1922
30,37,Zn,5/2-,4.04,STABLE,stable,,8734.15,-67880.376,1928
30,38,Zn,0+,18.45,STABLE,stable,,8755.68,-70007.154,1922
30,39,Zn,1/2-,,3384,56.4 m,B-:100,8722.73,-68417.906,1937
30,40,Zn,0+,0.61,1.199e+26,3.8E18 Y,2B-:100 2B-,8729.81,-69564.748,1922
30,41,Zn,1/2-,,145.2,2.42 m,B-:100,8689.04,-67328.786,1955
30,42,Zn,0+,,1.674e+05,46.5 h,B-:100,8691.81,-68145.495,1951
30,43,Zn,1/2-,,24.5,24.5 s,B-:100,8648.35,-65593.411,1972
30,44,Zn,0+,,95.6,95.6 s,B-:100,8642.75,-65756.72,1972
30,45,Zn,(7/2+),,10.2,10.2 s,B-:100,8592.5,-62558.916,1974
30,46,Zn,0+,,5.7,5.7 s,B-:100,8582.27,-62303.024,1974
30,47,Zn,7/2+,,2.08,2.08 s,B-:100,8530,-58789.203,1977
30,48,Zn,0+,,1.47,1.47 s,B-:100,8507.38,-57483.242,1977
30,49,Zn,9/2+,,0.746,0.746 s,B-:100 B-N:1.7,8450.58,-53432.302,1981
30,50,Zn,0+,,0.5619,561.9 ms,B-:100 B-N:1,8423.55,-51648.619,1981
30,51,Zn,(5/2+),,0.32,0.32 s,B-:100 B-N:7.5,8351.93,-46199.669,1991
30,52,Zn,0+,,0.166,166 ms,B-:100 B-N:69,8301.12,-42313.96,1997
30,53,Zn,,,0.117,117 ms,B-:100 B-N,8226,-36290,1997
30,54,Zn,0+,,0.0536,53.6 ms,B-:100 B-N:73 B-3N,8171,-31830,2010
30,55,Zn,,,6.37e-07,637 ns,B-2N B-N B-,8090,-25100,2010
31,28,Ga,,,4.3e-08,43 ns,P,8232,-33760,
31,29,Ga,(2+),,0.07,70 ms,EC+B+:100 B+P:1.6 B+A:0.023,8327,-39590,1995
31,30,Ga,3/2-,,0.167,167 ms,EC+B+:100 ECP:0.25,8446.43,-47134.662,1987
31,31,Ga,0+,,0.1161,116.121 ms,EC+B+:100 ECP,8518.64,-51987.022,1978
31,32,Ga,3/2-,,32.4,32.4 s,EC+B+:100,8583.93,-56547.1,1965
31,33,Ga,0+,,157.6,2.627 m,EC+B+:100,8611.63,-58832.827,1953
31,34,Ga,3/2-,,912,15.2 m,EC+B+:100,8662.16,-62657.486,1938
31,35,Ga,0+,,3.416e+04,9.49 h,EC+B+:100,8669.36,-63723.729,1937
31,36,Ga,3/2-,,2.818e+05,3.2617 d,EC:100,8707.53,-66879.156,1938
31,37,Ga,1+,,4063,67.71 m,EC+B+:100,8701.22,-67086.054,1937
31,38,Ga,3/2-,60.108,STABLE,stable,,8724.58,-69327.82,1923
31,39,Ga,1+,,1268,21.14 m,B-:99.59 EC:0.41,8709.28,-68910.15,1937
31,40,Ga,3/2-,39.892,STABLE,stable,,8717.6,-70139.127,1923
31,41,Ga,3-,,5.076e+04,14.10 h,B-:100,8687.09,-68588.284,1939
31,42,Ga,1/2-,,1.75e+04,4.86 h,B-:100,8693.87,-69699.343,1949
31,43,Ga,(3-),,487.2,8.12 m,B-:100,8663.17,-68049.626,1956
31,44,Ga,3/2-,,126,126 s,B-:100,8660.76,-68460.639,1960
31,45,Ga,(2+ 3+),,32.6,32.6 s,B-:100,8624.53,-66296.648,1961
31,46,Ga,3/2(-),,13.2,13.2 s,B-:100,8613.39,-65992.352,1968
31,47,Ga,(3+),,5.09,5.09 s,B-:100,8577.1,-63704.085,1972
31,48,Ga,3/2(-),,2.848,2.848 s,B-:100 B-N:0.089,8556.07,-62548.355,1974
31,49,Ga,6(-),,1.9,1.9 s,B-:100 B-N:0.86,8508.45,-59223.675,1974
31,50,Ga,(5/2-),,1.217,1.217 s,B-:100 B-N:11.9,8483.36,-57627.962,1976
31,51,Ga,(2-),,0.6,0.600 s,B-:100 B-N:22.2,8421.05,-52930.725,1976
31,52,Ga,,,0.3081,308.1 ms,B-:100 B-N:62.8,8372.58,-49257.129,1976
31,53,Ga,(0-),,0.0952,95.2 ms,B-:100 B-N:46 B-2N:1.6,8307.52,-44094.136,1991
31,54,Ga,(5/2-),,0.092,92 ms,B-:100 B-N:35,8253.57,-39744.059,1997
31,55,Ga,,,0.043,43 ms,B-:100 B-N:60 B-2N:20,8182,-33760,1997
31,56,Ga,,,6.34e-07,634 ns,B-:100 B-N B-2N,8124,-28870,2010
32,27,Ge,,,0.0133,13.3 ms,2P:0.2 EC+B+,7924,-16370,2015
32,28,Ge,0+,,1.1e-07,110 ns,EC+B+ ECP,8113,-27530,2005
32,29,Ge,(3/2-),,0.044,44 ms,EC+B+:100 ECP:62,8215,-33790,1987
32,30,Ge,0+,,0.129,129 ms,EC+B+:100 ECP,8347,-42140,1991
32,31,Ge,3/2-,,0.15,150 ms,EC+B+:100,8418.72,-46921.221,1991
32,32,Ge,0+,,63.7,63.7 s,EC+B+:100 ECP,8528.82,-54315.503,1972
32,33,Ge,3/2-,,30.9,30.9 s,EC+B+:100 ECP:0.011,8555.06,-56478.223,1972
32,34,Ge,0+,,8136,2.26 h,EC+B+:100,8625.44,-61607.041,1950
32,35,Ge,1/2-,,1134,18.9 m,EC+B+:100,8633.09,-62673.718,1950
32,36,Ge,0+,,2.341e+07,270.93 d,EC:100,8688.14,-66978.799,1948
32,37,Ge,5/2-,,1.406e+05,39.05 h,EC+B+:100,8680.96,-67100.674,1938
32,38,Ge,0+,20.52,STABLE,stable,,8721.7,-70562.036,1923
32,39,Ge,1/2-,,9.876e+05,11.43 d,EC:100,8703.31,-69906.657,1941
32,40,Ge,0+,27.45,STABLE,stable,,8731.75,-72585.91,1923
32,41,Ge,9/2+,7.76,STABLE,stable,,8705.05,-71297.532,1933
32,42,Ge,0+,36.52,STABLE,stable,,8725.2,-73422.451,1923
32,43,Ge,1/2-,,4967,82.78 m,B-:100,8695.61,-71856.973,1939
32,44,Ge,0+,7.75,STABLE,stable,,8705.24,-73212.898,1933
32,45,Ge,7/2+,,4.036e+04,11.211 h,B-:100,8671.03,-71212.87,1939
32,46,Ge,0+,,5280,88.0 m,B-:100,8671.66,-71862.058,1953
32,47,Ge,(1/2)-,,18.98,18.98 s,B-:100,8634.51,-69527.18,1970
32,48,Ge,0+,,29.5,29.5 s,B-:100,8627.57,-69535.314,1972
32,49,Ge,(9/2+),,7.6,7.6 s,B-:100,8580.66,-66291.695,1972
32,50,Ge,0+,,4,4.0 s,B-:100,8563.76,-65415.075,1972
32,51,Ge,(5/2)+,,1.85,1.85 s,B-:100 B-N,8504.35,-60976.442,1972
32,52,Ge,0+,,0.954,0.954 s,B-:100 B-N:10.2,8465.52,-58148.435,1972
32,53,Ge,(3/2+ 5/2+),,0.503,503 ms,B-:100 B-N:16.5 B-2N,8401.77,-53123.427,1991
32,54,Ge,0+,,0.226,226 ms,B-:100 B-N:45,8354.63,-49399.927,1994
32,55,Ge,(5/2+),,0.14,0.14 s,B-:100 B-N,8285,-43590,1997
32,56,Ge,0+,,3e-07,300 ns,B- B-N,8236,-39520,1997
32,57,Ge,,,,,B-:100 B-N B-2N,8161,-33040,1997
32,58,Ge,0+,,,,B-:100 B-2N B-N,8109,-28470,2010
33,30,As,3/2-,,4.3e-08,43 ns,P,8193,-33500,
33,31,As,,,0.069,69.0 ms,EC+B+:100 ECP,8286,-39532,1995
33,32,As,,,0.128,128 ms,EC+B+:100,8396.24,-46937.056,1991
33,33,As,[0+],,0.09577,95.77 ms,EC+B+:100,8468.4,-52025.084,1978
33,34,As,(5/2-),,42.5,42.5 s,EC+B+:100,8530.57,-56587.232,1980
33,35,As,3+,,151.6,151.6 s,EC+B+:100,8557.75,-58894.527,1971
33,36,As,5/2-,,912,15.2 m,EC+B+:100,8611.82,-63112.181,1955
33,37,As,4+,,3156,52.6 m,EC+B+:100,8621.55,-64333.973,1950
33,38,As,5/2-,,2.351e+05,65.30 h,EC+B+:100,8663.93,-67893.257,1939
33,39,As,2-,,9.36e+04,26.0 h,EC+B+:100,8660.38,-68229.808,1939
33,40,As,3/2-,,6.938e+06,80.30 d,EC:100,8689.61,-70952.757,1948
33,41,As,2-,,1.535e+06,17.77 d,EC+B+:66 B-:34,8680,-70860.064,1938
33,42,As,3/2-,100,STABLE,stable,,8700.87,-73034.203,1920
33,43,As,2-,,9.446e+04,26.24 h,B-:100,8682.82,-72291.384,1934
33,44,As,3/2-,,1.396e+05,38.79 h,B-:100,8695.98,-73916.334,1951
33,45,As,2-,,5442,90.7 m,B-:100,8673.88,-72816.97,1937
33,46,As,3/2-,,540.6,9.01 m,B-:100,8676.62,-73636.081,1950
33,47,As,1+,,15.2,15.2 s,B-:100,8651.28,-72214.601,1954
33,48,As,3/2-,,33.3,33.3 s,B-:100,8648.06,-72533.314,1960
33,49,As,(2-),,19.1,19.1 s,B-:100,8611.42,-70105.427,1968
33,50,As,(5/2-),,13.4,13.4 s,B-:100,8599.65,-69669.331,1968
33,51,As,(3-),,4.2,4.2 s,B-:100 B-N:0.18,8547.94,-65853.568,1968
33,52,As,(3/2-),,2.021,2.021 s,B-:100 B-N:62.9,8510.99,-63189.152,1967
33,53,As,,,0.945,0.945 s,B-:100 B-N:35.5 B-2N,8456.72,-58962.15,1973
33,54,As,(3/2-),,0.484,484 ms,B-:100 B-N:15.4,8413.85,-55617.914,1970
33,55,As,,,0.2,0.20 s,B-:100 B-N,8351,-50450,1994
33,56,As,,,,,B-:100 B-N B-2N,8304,-46530,1994
33,57,As,,,,,B-:100 B-N,8240,-40990,1997
33,58,As,,,,,B-:100 B-N,8189,-36500,1997
33,59,As,,,,,B-:100,8121,-30380,1997
34,29,Se,,,0.0132,13.2 ms,EC+B+:100 ECP:89 2P:0.5,7917,-16850,2016
34,30,Se,0+,,,,EC+B+:100 ECP,8075,-26860,2005
34,31,Se,(3/2-),,0.033,33 ms,EC+B+:100 ECP:100,8170,-33020,1993
34,32,Se,0+,,0.042,42 ms,EC:100,8300,-41660,1993
34,33,Se,(5/2-),,0.133,133 ms,EC+B+:100 ECP:0.5,8369.53,-46580.294,1991
34,34,Se,0+,,35.5,35.5 s,EC+B+:100,8477.05,-54189.449,1990
34,35,Se,1/2-,,27.4,27.4 s,EC+B+:100 ECP:0.052,8503.71,-56434.714,1974
34,36,Se,0+,,2466,41.1 m,EC+B+:100,8576.03,-61929.9,1950
34,37,Se,(5/2-),,284.4,4.74 m,EC+B+:100,8586.06,-63146.515,1957
34,38,Se,0+,,7.258e+05,8.40 d,EC:100,8644.49,-67868.189,1948
34,39,Se,9/2+,,2.574e+04,7.15 h,EC+B+:100,8641.56,-68227.396,1948
34,40,Se,0+,0.86,STABLE,stable,,8687.72,-72213.21,1922
34,41,Se,5/2+,,1.035e+07,119.78 d,EC:100,8678.91,-72169.489,1947
34,42,Se,0+,9.23,STABLE,stable,,8711.48,-75251.959,1922
34,43,Se,1/2-,7.6,STABLE,stable,,8694.69,-74599.497,1922
34,44,Se,0+,23.69,STABLE,stable,,8717.81,-77025.952,1922
34,45,Se,7/2+,,1.032e+13,3.27E+5 Y,B-:100,8695.59,-75917.466,1950
34,46,Se,0+,49.8,STABLE,stable,2B-,8710.81,-77759.487,1922
34,47,Se,1/2-,,1107,18.45 m,B-:100,8686,-76389.019,1948
34,48,Se,0+,8.82,3.029e+27,9.6E+19 Y,2B-:100,8693.2,-77593.895,1922
34,49,Se,9/2+,,1338,22.3 m,B-:100,8658.56,-75340.543,1937
34,50,Se,0+,,195.6,3.26 m,B-:100,8658.79,-75947.731,1960
34,51,Se,(5/2)+,,32.9,32.9 s,B-:100,8610.3,-72413.645,1960
34,52,Se,0+,,14.3,14.3 s,B-:100,8581.82,-70503.175,1973
34,53,Se,(3/2+),,5.5,5.50 s,B-:100 B-N:0.36,8529.09,-66426.133,1968
34,54,Se,0+,,1.53,1.53 s,B-:100 B-N:0.99,8495,-63884.203,1970
34,55,Se,(5/2+),,0.43,0.43 s,B-:100 B-N:7.8,8435.28,-58992.398,1971
34,56,Se,0+,,0.195,195 ms,B-:100 B-N,8395.77,-55800.223,1994
34,57,Se,,,0.27,0.27 s,B-:100 B-N:21,8334.84,-50580.13,1975
34,58,Se,0+,,,,B-:100,8290,-46724,1997
34,59,Se,(1/2+),,,,B-:100,8225,-40860,1997
34,60,Se,0+,,1.5e-07,150 ns,B-:100,8180,-36803,1997
34,61,Se,,,3.92e-07,392 ns,B- B-N B-2N,8112,-30460,2010
35,32,Br,,,,,P,8148,-32530,
35,33,Br,,,3.5e-08,35 ns,,8239,-38791,1995
35,34,Br,(5/2-),,2.4e-08,24 ns,P:100,8344.9,-46259.478,1988
35,35,Br,0+,,0.0791,79.1 ms,EC+B+:100,8414.8,-51425.627,1978
35,36,Br,(5/2)-,,21.4,21.4 s,EC+B+:100,8481.46,-56502.426,1981
35,37,Br,1+,,78.6,78.6 s,EC+B+:100,8511.31,-59061.75,1970
35,38,Br,1/2-,,204,3.4 m,EC+B+:100,8568.08,-63645.787,1970
35,39,Br,(0-),,1524,25.4 m,EC+B+:100,8583.56,-65288.161,1952
35,40,Br,3/2-,,5802,96.7 m,EC+B+:100,8627.65,-69107.02,1948
35,41,Br,1-,,5.832e+04,16.2 h,EC+B+:100,8635.88,-70289.078,1952
35,42,Br,3/2-,,2.053e+05,57.04 h,EC+B+:100,8666.81,-73234.818,1948
35,43,Br,1+,,387,6.45 m,EC+B+:99.99 B-:0.01,8661.96,-73452.168,1937
35,44,Br,3/2-,50.65,STABLE,stable,,8687.6,-76068.067,1920
35,45,Br,1+,,1061,17.68 m,B-:91.7 EC+B+:8.3,8677.65,-75889.025,1937
35,46,Br,3/2-,49.35,STABLE,stable,,8695.95,-77977.051,1920
35,47,Br,5-,,1.27e+05,35.282 h,B-:100,8682.5,-77498.677,1937
35,48,Br,3/2-,,8546,2.374 h,B-:100,8693.39,-79013.721,1937
35,49,Br,2-,,1906,31.76 m,B-:100,8671.33,-77783.094,1943
35,50,Br,3/2-,,174,2.90 m,B-:100,8673.59,-78575.478,1943
35,51,Br,(1-),,55.1,55.1 s,B-:100,8632.37,-75632.261,1962
35,52,Br,(5/2-),,55.68,55.68 s,B-:100 B-N:2.6,8605.91,-73891.685,1943
35,53,Br,(2-),,16.34,16.34 s,B-:100 B-N:6.58,8563.75,-70715.967,1948
35,54,Br,(5/2-),,4.357,4.357 s,B-:100 B-N:13.7,8530.78,-68274.271,1959
35,55,Br,,,1.91,1.91 s,B-:100 B-N:25.3,8478.19,-64000.306,1959
35,56,Br,,,0.543,0.543 s,B-:100 B-N:19.5,8441.92,-61107.301,1974
35,57,Br,,,0.314,0.314 s,B-:100 B-N:33.1,8384.91,-56232.812,1974
35,58,Br,(5/2-),,0.102,102 ms,B-:100 B-N:68,8345.6,-52890.235,1981
35,59,Br,,,0.07,70 ms,B-:100 B-N:68,8287,-47650,1981
35,60,Br,,,1.5e-07,150 ns,B-:100 B-N:34,8245,-43850,1997
35,61,Br,,,1.5e-07,150 ns,B-:100 B-N:27.6,8184,-38210,1997
35,62,Br,,,,,B-:100 B-2N B-N,8140,-34000,1997
35,63,Br,,,,,B-:100 B-2N B-3N,8078,-28050,2010
35,66,Br,,,,,B-:100 B-2N B-3N,,,
36,31,Kr,,,0.0074,7.4 ms,EC:63 EC+B+:63 2P:37,7883,-15552,2016
36,32,Kr,0+,,0.0216,21.6 ms,EC+B+:100 ECP:89,8034,-25626,2016
36,33,Kr,(5/2-),,0.028,28 ms,EC+B+:100 B+P:99,8129,-32140,1995
36,34,Kr,0+,,0.04,40 ms,EC+B+:100 ECP:1.3,8256,-41100,1995
36,35,Kr,(5/2)-,,0.0949,94.9 ms,EC+B+:100 ECP:3.06,8327.13,-46327.211,1981
36,36,Kr,0+,,17.1,17.1 s,EC+B+:100 ECP:0.000001,8429.32,-53940.582,1973
36,37,Kr,(3/2)-,,27.3,27.3 s,EC+B+:100 ECP:0.25,8460.18,-56551.758,1972
36,38,Kr,0+,,690,11.50 m,EC+B+:100,8533.04,-62331.844,1960
36,39,Kr,5/2+,,276,4.60 m,EC+B+:100,8553.44,-64323.632,1960
36,40,Kr,0+,,5.328e+04,14.8 h,EC+B+:100,8608.81,-69013.706,1954
36,41,Kr,5/2+,,4275,71.25 m,EC+B+:100,8616.84,-70169.451,1948
36,42,Kr,0+,0.355,STABLE,stable,,8661.24,-74178.283,1920
36,43,Kr,1/2-,,1.261e+05,35.04 h,EC+B+:100,8657.11,-74442.29,1948
36,44,Kr,0+,2.286,STABLE,stable,,8692.93,-77893.455,1920
36,45,Kr,7/2+,,7.227e+12,2.29E+5 Y,EC:100,8682.82,-77696.199,1950
36,46,Kr,0+,11.593,STABLE,stable,,8710.68,-80591.795,1920
36,47,Kr,9/2+,11.5,STABLE,stable,,8695.73,-79990.643,1920
36,48,Kr,0+,56.987,STABLE,stable,,8717.45,-82439.345,1920
36,49,Kr,9/2+,,3.389e+08,10.739 Y,B-:100,8698.56,-81480.341,1940
36,50,Kr,0+,17.279,STABLE,stable,,8712.03,-83265.676,1920
36,51,Kr,5/2+,,4578,76.3 m,B-:100,8675.28,-80709.531,1940
36,52,Kr,0+,,1.017e+04,2.825 h,B-:100,8656.85,-79691.295,1939
36,53,Kr,3/2(+),,189,3.15 m,B-:100,8614.82,-76535.795,1940
36,54,Kr,0+,,32.32,32.32 s,B-:100,8591.26,-74959.259,1951
36,55,Kr,5/2(+),,8.57,8.57 s,B-:100,8541.75,-70973.974,1951
36,56,Kr,0+,,1.84,1.840 s,B-:100 B-N:0.0332,8512.67,-68769.329,1951
36,57,Kr,1/2+,,1.286,1.286 s,B-:100 B-N:1.95,8458.11,-64136.002,1951
36,58,Kr,0+,,0.212,212 ms,B-:100 B-N:1.11,8424.33,-61347.78,1972
36,59,Kr,1/2(+),,0.114,0.114 s,B-:100 B-N:2.87,8366,-56158.92,1994
36,60,Kr,0+,,0.08,80 ms,B-:100 B-N:3.7,8330.87,-53081.682,1994
36,61,Kr,(3/2+),,0.063,63 ms,B-:100 B-N:6.7,8269.86,-47423.499,1997
36,62,Kr,0+,,0.043,43 ms,B-:100 B-N:7 B-2N,8234,-44120,1997
36,63,Kr,,,0.013,13 ms,B-:100 B-N:11,8175,-38400,1997
36,64,Kr,0+,,0.007,7 ms,B-:100 B-N B-2N,8134,-34470,1997
36,65,Kr,,,6.35e-07,635 ns,B- B-N B-2N,8075,-28580,2010
36,66,Kr,0+,,,,B-:100 B-N B-2N,,,
37,35,Rb,,,1.03e-07,103 ns,P EC+B+,8202,-38330,2017
37,36,Rb,(3/2-),,8.1e-08,81 ns,P EC+B+,8305.08,-46011.611,1996
37,37,Rb,0+,,0.06478,64.776 ms,EC+B+:100,8381.71,-51916.016,1977
37,38,Rb,3/2(-),,19,19.0 s,EC+B+:100,8448.28,-57218.702,1975
37,39,Rb,1(-),,36.5,36.5 s,EC+B+:100 ECA:0.00000038,8486.22,-60479.089,1969
37,40,Rb,3/2-,,226.8,3.78 m,EC+B+:100,8537.34,-64830.5,1972
37,41,Rb,0(+),,1060,17.66 m,EC+B+:100,8558.35,-66935.427,1968
37,42,Rb,5/2+,,1374,22.9 m,EC+B+:100,8601.14,-70802.778,1957
37,43,Rb,1+,,33.4,33.4 s,EC+B+:100,8611.68,-72175.476,1961
37,44,Rb,3/2-,,1.646e+04,4.572 h,EC+B+:100,8645.51,-75456.704,1949
37,45,Rb,1+,,75.45,1.2575 m,EC+B+:100,8647.43,-76187.813,1949
37,46,Rb,5/2-,,7.448e+06,86.2 d,EC:100,8675.22,-79070.639,1950
37,47,Rb,2-,,2.836e+06,32.82 d,EC+B+:96.1 B-:3.9,8676.22,-79758.975,1947
37,48,Rb,5/2-,72.17,STABLE,stable,,8697.44,-82167.341,1921
37,49,Rb,2-,,1.611e+06,18.642 d,B-:99.9948 EC:0.0052,8696.9,-82747.003,1941
37,50,Rb,3/2-,27.83,1.568e+18,4.97E+10 Y,B-:100,8710.98,-84597.802,1921
37,51,Rb,2-,,1066,17.773 m,B-:100,8681.12,-82609.004,1939
37,52,Rb,3/2-,,919.2,15.32 m,B-:100,8664.19,-81712.399,1940
37,53,Rb,0-,,158,158 s,B-:100,8631.53,-79365.573,1951
37,54,Rb,3/2(-),,58.2,58.2 s,B-:100,8607.56,-77745.049,1951
37,55,Rb,0-,,4.48,4.48 s,B-:100 B-N:0.0107,8569.42,-74772.45,1960
37,56,Rb,5/2-,,5.84,5.84 s,B-:100 B-N:1.39,8540.92,-72619.9,1960
37,57,Rb,3(-),,2.702,2.702 s,B-:100 B-N:10.5,8492.76,-68562.791,1961
37,58,Rb,5/2-,,0.3777,377.7 ms,B-:100 B-N:8.7,8460.2,-65890.307,1967
37,59,Rb,2(-),,0.203,203 ms,B-:100 B-N:13.3,8408.9,-61354.351,1967
37,60,Rb,3/2+,,0.1691,169.1 ms,B-:100 B-N:25.5 B-2N,8376.19,-58519.145,1969
37,61,Rb,0(-),,0.115,115 ms,B-:100 B-N:14.3 B-2N:0.054,8330.73,-54369.152,1971
37,62,Rb,(3/2+),,0.054,54 ms,B-:100 B-N:19.8 B-2N,8295.3,-51121.15,1971
37,63,Rb,(4-),,0.052,52 ms,B-:100 B-N:5.6 B-2N:0.15,8244.51,-46265.884,1978
37,64,Rb,(3/2+),,0.032,32 ms,B-:100 B-N:28,8206.18,-42567.417,1992
37,65,Rb,,,0.037,37 ms,B-:100 B-N:18,8152.74,-37252.312,1995
37,66,Rb,,,0.023,23 ms,B-:100 B-N B-2N,8112,-33160,2010
37,67,Rb,,,,,B-:100 B-N B-2N,8057,-27450,2018
37,68,Rb,,,,,B-:100 B-N B-2N,,,
37,69,Rb,,,,,B-:100 B-3N B-2N,,,
38,35,Sr,,,0.025,25 ms,EC+B+:100 ECP,8102,-31950,1993
38,36,Sr,0+,,0.027,27 ms,EC+B+:100 ECP,8221,-40827,1995
38,37,Sr,(3/2-),,0.088,88 ms,EC+B+:100 ECP:5.2,8296.51,-46618.702,1991
38,38,Sr,0+,,7.89,7.89 s,EC+B+:100 ECP:0.000034,8393.93,-54247.645,1990
38,39,Sr,5/2(+),,9,9.0 s,EC+B+:100 ECP:0.08,8435.92,-57803.443,1976
38,40,Sr,0+,,160,160 s,EC+B+:100,8500.1,-63173.949,1982
38,41,Sr,3/2(-),,135,2.25 m,EC+B+:100,8523.86,-65479.664,1972
38,42,Sr,0+,,6378,106.3 m,EC+B+:100,8578.6,-70311.467,1961
38,43,Sr,1/2-,,1338,22.3 m,EC+B+:100,8587.35,-71528.134,1952
38,44,Sr,0+,,2.19e+06,25.35 d,EC:100,8635.72,-76010.062,1952
38,45,Sr,7/2+,,1.167e+05,32.41 h,EC+B+:100,8638.41,-76797.616,1952
38,46,Sr,0+,0.56,STABLE,stable,,8677.51,-80649.58,1936
38,47,Sr,9/2+,,5.603e+06,64.849 d,EC:100,8675.72,-81103.29,1940
38,48,Sr,0+,9.86,STABLE,stable,,8708.46,-84523.1,1931
38,49,Sr,9/2+,7,STABLE,stable,,8705.24,-84880.076,1931
38,50,Sr,0+,82.58,STABLE,stable,,8732.6,-87921.629,1923
38,51,Sr,5/2+,,4.369e+06,50.563 d,B-:100,8705.92,-86209.026,1937
38,52,Sr,0+,,9.123e+08,28.91 Y,B-:100,8696,-85950.945,1948
38,53,Sr,5/2+,,3.474e+04,9.65 h,B-:100,8663.88,-83651.95,1943
38,54,Sr,0+,,9400,2.611 h,B-:100,8648.91,-82867.371,1956
38,55,Sr,5/2+,,445.8,7.43 m,B-:100,8612.79,-80085.844,1959
38,56,Sr,0+,,75.3,75.3 s,B-:100,8593.83,-78845.721,1959
38,57,Sr,1/2+,,23.9,23.90 s,B-:100,8549.09,-75117.284,1961
38,58,Sr,0+,,1.07,1.07 s,B-:100,8521.2,-72918.248,1971
38,59,Sr,1/2+,,0.429,429 ms,B-:100 B-N:0.05,8471.85,-68580.674,1978
38,60,Sr,0+,,0.653,0.653 s,B-:100 B-N:0.23,8445.74,-66422.389,1971
38,61,Sr,3/2+,,0.269,0.269 s,B-:100 B-N:0.1,8402.52,-62518.527,1975
38,62,Sr,0+,,0.2,200 ms,B-:100 B-N:1.11,8372.2,-59817.505,1978
38,63,Sr,(5/2-),,0.118,118 ms,B-:100 B-N:2.37,8324.74,-55324.914,1983
38,64,Sr,0+,,0.069,69 ms,B-:100 B-N:5.5,8291.22,-52159.311,1986
38,65,Sr,,,0.053,53 ms,B-:100 B-2N B-N,8242,-47280,1997
38,66,Sr,0+,,0.053,53 ms,B-:100 B-2N B-N,8206,-43760,1997
38,67,Sr,,,0.039,39 ms,B-:100 B-N B-2N,8152,-38190,1997
38,68,Sr,0+,,0.02,20 ms,B-:100 B-N B-2N,8114,-34300,2010
38,69,Sr,,,3.95e-07,395 ns,B- B-N B-2N,8057,-28250,2010
38,70,Sr,0+,,,,B-:100 B-N B-2N,,,
39,37,Y,,,2e-07,200 ns,P EC+B+,8173,-38250,2001
39,38,Y,(5/2+),,0.057,57 ms,EC+B+:100 ECP P,8278,-46439,1999
39,39,Y,(0+),,0.053,53 ms,EC+B+:100 ECP,8349,-52173,1992
39,40,Y,(5/2+),,14.8,14.8 s,EC+B+:100 ECP,8416.78,-57802.935,1992
39,41,Y,(4-),,30.1,30.1 s,EC+B+:100 ECP,8454.28,-61148.162,1981
39,42,Y,(5/2+),,70.4,70.4 s,EC+B+:100,8505.9,-65712.919,1981
39,43,Y,1+,,8.3,8.30 s,EC+B+:100,8529.28,-68064.097,1980
39,44,Y,9/2+,,424.8,7.08 m,EC+B+:100,8573.66,-72205.672,1962
39,45,Y,(6+),,2370,39.5 m,EC+B+:100,8587.78,-73894.439,1962
39,46,Y,(1/2)-,,9648,2.68 h,EC+B+:100,8628.15,-77842.131,1952
39,47,Y,4-,,5.306e+04,14.74 h,EC+B+:100,8638.43,-79283.1,1951
39,48,Y,1/2-,,2.873e+05,79.8 h,EC+B+:100,8674.85,-83018.387,1940
39,49,Y,4-,,9.212e+06,106.626 d,EC+B+:100,8682.54,-84299.029,1948
39,50,Y,1/2-,100,STABLE,stable,,8714.01,-87711.202,1923
39,51,Y,2-,,2.306e+05,64.05 h,B-:100,8693.38,-86496.912,1937
39,52,Y,1/2-,,5.055e+06,58.51 d,B-:100,8684.94,-86351.321,1943
39,53,Y,2-,,1.274e+04,3.54 h,B-:100,8661.59,-84816.494,1940
39,54,Y,1/2-,,3.665e+04,10.18 h,B-:100,8648.91,-84227.155,1948
39,55,Y,2-,,1122,18.7 m,B-:100,8622.81,-82351.473,1948
39,56,Y,1/2-,,618,10.3 m,B-:100,8604.96,-81207.937,1959
39,57,Y,0-,,5.34,5.34 s,B-:100,8569.43,-78329.986,1975
39,58,Y,(1/2-),,3.75,3.75 s,B-:100 B-N:0.055,8541.46,-76115.455,1970
39,59,Y,0-,,0.548,0.548 s,B-:100 B-N:0.33,8497.62,-72288.748,1970
39,60,Y,(5/2+),,1.484,1.484 s,B-:100 B-N:1.77,8476.69,-70643.73,1975
39,61,Y,(1)-,,0.732,732 ms,B-:100 B-N:1.02,8439.42,-67321.241,1977
39,62,Y,(5/2+),,0.45,0.45 s,B-:100 B-N:1.94,8413.33,-65054.787,1983
39,63,Y,HIGH J,,0.36,0.36 s,B-:100 B-N:4.9,8371.92,-61172.641,1980
39,64,Y,(5/2+),,0.23,0.23 s,B-:100 B-N:8,8342.63,-58457.034,1994
39,65,Y,,,0.197,197 ms,B-:100 B-N:34 B-2N,8298,-54080,1994
39,66,Y,,,0.107,107 ms,B-:100 B-N:82,8262,-50570,1994
39,67,Y,,,0.079,79 ms,B-:100 B-N B-2N,8215,-45790,1997
39,68,Y,,,0.0335,33.5 ms,B-:100 B-N B-2N,8178,-41970,1997
39,69,Y,,,0.03,30 ms,B-:100 B-N B-2N,8129,-36780,2010
39,70,Y,(5/2+),,0.025,25 ms,B-:100,8089,-32480,2010
39,71,Y,,,,,B-:100 B-2N B-N,,,
39,72,Y,,,,,B-:100 B-N B-2N,,,
40,37,Zr,,,,,EC+B+ ECP 2P,8075,-31600,2017
40,38,Zr,0+,,1.7e-07,170 ns,EC+B+,8194,-40850,2001
40,39,Zr,,,0.056,56 ms,EC+B+:100 ECP,8267,-46770,1999
40,40,Zr,0+,,4.6,4.6 s,EC+B+:100 ECP,8365,-54760,1987
40,41,Zr,(3/2-),,5.5,5.5 s,EC+B+:100 ECP:0.12,8395.15,-57524.418,1997
40,42,Zr,0+,,32,32 s,EC+B+:100,8465.47,-63614.063,1982
40,43,Zr,(1/2-),,42,42 s,EC+B+:100 ECP,8488.4,-65911.659,1974
40,44,Zr,0+,,1548,25.8 m,EC+B+:100,8549.03,-71421.692,1977
40,45,Zr,(7/2+),,471.6,7.86 m,EC+B+:100,8564.04,-73175.196,1963
40,46,Zr,0+,,5.94e+04,16.5 h,EC+B+:100,8614.05,-77969.023,1951
40,47,Zr,9/2+,,6048,1.68 h,EC+B+:100,8623.65,-79347.147,1948
40,48,Zr,0+,,7.206e+06,83.4 d,EC:100,8666.03,-83628.874,1951
40,49,Zr,9/2+,,2.823e+05,78.41 h,EC+B+:100,8673.39,-84877.974,1948
40,50,Zr,0+,51.45,STABLE,stable,,8709.97,-88772.547,1924
40,51,Zr,5/2+,11.22,STABLE,stable,,8693.31,-87895.592,1934
40,52,Zr,0+,17.15,STABLE,stable,,8692.68,-88459.024,1924
40,53,Zr,5/2+,,5.081e+13,1.61E+6 Y,B-:100,8671.62,-87122.028,1950
40,54,Zr,0+,17.38,STABLE,stable,,8666.8,-87269.332,1924
40,55,Zr,5/2+,,5.532e+06,64.032 d,B-:100,8643.59,-85659.94,1946
40,56,Zr,0+,2.8,6.311e+26,2.0E+19 Y,,8635.33,-85438.86,1934
40,57,Zr,1/2+,,6.03e+04,16.749 h,B-:100,8603.72,-82936.693,1951
40,58,Zr,0+,,30.7,30.7 s,B-:100,8581.4,-81281.757,1967
40,59,Zr,(1/2+),,2.1,2.1 s,B-:100,8539.23,-77616.67,1970
40,60,Zr,0+,,7.1,7.1 s,B-:100,8522.11,-76372.736,1970
40,61,Zr,(3/2+),,2.3,2.3 s,B-:100,8485.84,-73160.987,1972
40,62,Zr,0+,,2.9,2.9 s,B-:100,8466.29,-71581.427,1970
40,63,Zr,(5/2-),,1.3,1.3 s,B-:100,8425.83,-67808.993,1987
40,64,Zr,0+,,1.2,1.2 s,B-:100,8402.32,-65717.66,1990
40,65,Zr,[5/2+],,0.66,0.66 s,B-:100 B-N:2,8358.6,-61458.274,1992
40,66,Zr,0+,,0.18,180 ms,B-:100 B-N:7,8330,-58749,1994
40,67,Zr,,,0.146,146 ms,B-:100 B-N:23,8284,-54020,1994
40,68,Zr,0+,,0.0774,77.4 ms,B-:100 B-N,8253,-50950,1997
40,69,Zr,(5/2+),,0.056,56 ms,B-:100,8204,-45730,1997
40,70,Zr,0+,,0.0375,37.5 ms,B-:100 B-2N B-N,8171,-42220,1997
40,71,Zr,,,0.024,24.0 ms,B-:100 B-2N B-N,8118,-36480,2010
40,72,Zr,0+,,0.03,30 ms,B-:100 B-2N B-N,8081,-32420,2010
40,73,Zr,,,,,B-:100 B-N B-2N,8027,-26340,2018
40,74,Zr,0+,,,,B-:100 B-N B-2N,,,
41,40,Nb,,,2e-07,200 ns,EC+B+,8248,-46360,
41,41,Nb,(0+),,0.05,50 ms,EC+B+:100 ECP,8312,-51810,1992
41,42,Nb,(5/2+),,3.9,3.9 s,EC+B+:100,8378.99,-57612.91,1988
41,43,Nb,(1+ 2+ 3+),,9.8,9.8 s,EC+B+:100 ECP,8417.96,-61193.842,1977
41,44,Nb,(9/2+),,20.5,20.5 s,EC+B+:100,8473.71,-66279.684,1988
41,45,Nb,(6+),,88,88 s,EC+B+:100,8502.22,-69134.061,1974
41,46,Nb,(1/2)-,,222,3.7 m,EC+B+:100,8551.76,-73874.493,1971
41,47,Nb,(8+),,870,14.50 m,EC+B+:100,8572.4,-76171.555,1964
41,48,Nb,(9/2+),,7308,2.03 h,EC+B+:100,8616.82,-80625.755,1954
41,49,Nb,8+,,5.256e+04,14.60 h,EC+B+:100,8633.38,-82661.531,1951
41,50,Nb,9/2+,,2.146e+10,6.8E+2 Y,EC+B+:100,8670.9,-86638.028,1951
41,51,Nb,7+,,1.095e+15,3.47E+7 Y,EC+B+:100,8662.37,-86453.29,1938
41,52,Nb,9/2+,100,STABLE,stable,,8664.18,-87212.84,1932
41,53,Nb,6+,,6.406e+11,2.03E+4 Y,B-:100,8648.9,-86369.063,1938
41,54,Nb,9/2+,,3.023e+06,34.991 d,B-:100,8647.21,-86786.272,1951
41,55,Nb,6+,,8.406e+04,23.35 h,B-:100,8628.89,-85602.83,1949
41,56,Nb,9/2+,,4326,72.1 m,B-:100,8623.14,-85602.797,1951
41,57,Nb,1+,,2.86,2.86 s,B-:100,8596.3,-83524.612,1960
41,58,Nb,9/2+,,15,15.0 s,B-:100,8578.99,-82335.344,1950
41,59,Nb,1+,,1.4,1.4 s,B-:100,8548.47,-79791.246,1967
41,60,Nb,(5/2+),,7.1,7.1 s,B-:100,8534.84,-78891.488,1970
41,61,Nb,(4+),,4.3,4.3 s,B-:100,8504.87,-76298.265,1972
41,62,Nb,(5/2+),,1.5,1.5 s,B-:100,8488.33,-75028.667,1971
41,63,Nb,(1+),,4.9,4.9 s,B-:100 B-N:0.06,8453.38,-71810.997,1976
41,64,Nb,(5/2+),,2.91,2.91 s,B-:100 B-N:1.7,8431.69,-69915.547,1984
41,65,Nb,(1-),,1.02,1.02 s,B-:100 B-N:4.5,8393.27,-66202.678,1976
41,66,Nb,,,0.3,300 ms,B-:100,8367.09,-63723.805,1992
41,67,Nb,(2+),,0.198,198 ms,B-:100 B-N:6.3 B-2N,8325.66,-59545.198,1994
41,68,Nb,(5/2+),,0.108,108 ms,B-:100 B-N:15,8297.13,-56689.8,1994
41,69,Nb,(5),,0.082,82 ms,B-:100 B-N:40,8255.26,-52309.914,1994
41,70,Nb,,,0.054,54 ms,B-:100 B-N B-2N,8223,-48960,1997
41,71,Nb,,,0.033,33 ms,B-:100,8178,-44070,1997
41,72,Nb,,,0.032,32 ms,B-:100 B-N B-2N,8143,-40210,1997
41,73,Nb,,,0.017,17 ms,B-:100 B-N B-2N,8097,-34960,2010
41,74,Nb,,,0.023,23 ms,B-:100 B-N B-2N,8061,-30880,2010
41,75,Nb,,,,,B-:100 B-3N B-2N,8012,-25230,2018
41,76,Nb,,,,,B-:100 B-N B-2N,,,
42,39,Mo,,,4.5e-07,450 ns,ECP EC+B+,8054,-31460,2013
42,40,Mo,0+,,,?,EC+B+:100 ECP,8163,-40370,2013
42,41,Mo,,,0.006,6 ms,EC+B+:100,8234,-46340,1999
42,42,Mo,0+,,2.3,2.3 s,EC+B+:100 ECP,8325,-54170,1991
42,43,Mo,(1/2-),,3.2,3.2 s,EC+B+:100 ECP:0.14,8361.33,-57509.76,1992
42,44,Mo,0+,,19.1,19.1 s,EC+B+:100,8434.72,-64110.927,1991
42,45,Mo,(7/2+),,14.1,14.1 s,EC+B+:100 B+P:15,8462.42,-66884.817,1977
42,46,Mo,0+,,480,8.0 m,EC+B+:100,8523.91,-72686.553,1971
42,47,Mo,(9/2+),,126.6,2.11 m,EC+B+:100,8544.99,-75014.944,1980
42,48,Mo,0+,,2.002e+04,5.56 h,EC+B+:100,8597.03,-80172.514,1953
42,49,Mo,9/2+,,929.4,15.49 m,EC+B+:100,8613.63,-82208.834,1948
42,50,Mo,0+,14.649,STABLE,stable,,8657.73,-86808.587,1930
42,51,Mo,5/2+,,1.262e+11,4.0E+3 Y,EC:100,8651.41,-86807.079,1946
42,52,Mo,0+,9.187,STABLE,stable,,8662.33,-88414.079,1930
42,53,Mo,5/2+,15.873,STABLE,stable,,8648.72,-87711.872,1930
42,54,Mo,0+,16.673,STABLE,stable,,8653.99,-88794.889,1930
42,55,Mo,5/2+,9.582,STABLE,stable,,8635.09,-87544.7,1930
42,56,Mo,0+,24.292,STABLE,stable,,8635.17,-88115.98,1930
42,57,Mo,1/2+,,2.373e+05,65.924 h,B-:100,8607.8,-85970.106,1948
42,58,Mo,0+,9.744,2.212e+26,7.01E+18 Y,2B-:100 2B-:100,8604.66,-86193.029,1930
42,59,Mo,1/2+,,876.6,14.61 m,B-:100,8572.92,-83519.952,1941
42,60,Mo,0+,,678,11.3 m,B-:100,8568.4,-83560.866,1954
42,61,Mo,(3/2+),,67.5,67.5 s,B-:100,8538.27,-80954.331,1963
42,62,Mo,0+,,60,60 s,B-:100,8527.91,-80343.748,1962
42,63,Mo,(5/2-),,36.3,36.3 s,B-:100,8494.86,-77330.788,1962
42,64,Mo,0+,,8.73,8.73 s,B-:100,8479.52,-76128.003,1969
42,65,Mo,(5/2+),,3.5,3.5 s,B-:100,8442.22,-72544.975,1972
42,66,Mo,0+,,1.09,1.09 s,B-:100,8422.16,-70749.297,1972
42,67,Mo,(5/2+),,0.61,0.61 s,B-:100 B-N:1.3,8381.42,-66659.285,1992
42,68,Mo,0+,,0.296,0.296 s,B-:100 B-N:2,8359.29,-64535.814,1992
42,69,Mo,(1/2+ 3/2+),,0.186,186 ms,B-:100 B-N:12,8315.29,-59939.813,1994
42,70,Mo,0+,,0.12,120 ms,B-:100,8291,-57480,1994
42,71,Mo,,,0.08,80 ms,B-:100 B-N,8246,-52650,1994
42,72,Mo,0+,,0.058,58 ms,B-:100 B-N,8219,-49680,1997
42,73,Mo,,,0.0455,45.5 ms,B-:100 B-N B-2N,8173,-44550,2010
42,74,Mo,0+,,0.032,32 ms,B-2N B- B-N,8143,-41210,2010
42,75,Mo,,,0.022,22 ms,B-2N B-N B-,8096,-35689,2010
42,76,Mo,0+,,0.019,19 ms,B-:100 B-2N B-N,8067,-32370,2015
42,77,Mo,,,,,B-:100 B-N B-2N,8019,-26580,2018
43,42,Tc,,,1e-07,100 ns,P,8215,-45850,
43,43,Tc,(0+),,0.055,55 ms,EC+B+:100 ECP,8280,-51570,1992
43,44,Tc,(9/2+),,2.2,2.2 s,EC+B+:100,8347.74,-57690.052,1991
43,45,Tc,(5+ 6+ 7+),,6.4,6.4 s,EC+B+:100 ECP,8389.83,-61670.301,1991
43,46,Tc,(9/2+),,12.8,12.8 s,EC+B+:100,8450.58,-67394.857,1991
43,47,Tc,(8+),,49.2,49.2 s,EC:100,8483.36,-70724.696,1974
43,48,Tc,(9/2)+,,188.4,3.14 m,EC+B+:100,8536.66,-75986.657,1974
43,49,Tc,(8)+,,255,4.25 m,EC+B+:100,8563.54,-78925.703,1964
43,50,Tc,9/2+,,9900,2.75 h,EC+B+:100,8608.58,-83606.116,1948
43,51,Tc,7+,,1.758e+04,293 m,EC+B+:100,8608.74,-84158.332,1948
43,52,Tc,9/2+,,7.2e+04,20.0 h,EC+B+:100,8622.69,-86021.355,1947
43,53,Tc,7+,,3.698e+05,4.28 d,EC+B+:100,8614.87,-85821.648,1947
43,54,Tc,9/2+,,1.329e+14,4.21E+6 Y,EC:100,8623.73,-87224.436,1946
43,55,Tc,(6)+,,1.325e+14,4.2E+6 Y,B-:100,8610,-86432.214,1955
43,56,Tc,9/2+,,6.662e+12,2.111E+5 Y,B-:100,8613.61,-87327.869,1938
43,57,Tc,1+,,15.65,15.65 s,B-:99.9974 EC:0.0026,8595.12,-86020.951,1952
43,58,Tc,9/2+,,853.2,14.22 m,B-:100,8593.14,-86344.593,1941
43,59,Tc,1+,,5.28,5.28 s,B-:100,8570.65,-84572.921,1954
43,60,Tc,5/2+,,54.2,54.2 s,B-:100,8566.1,-84603.92,1957
43,61,Tc,(3+),,1098,18.3 m,B-:100,8541.11,-82498.969,1956
43,62,Tc,(3/2-),,458.4,7.64 m,B-:100,8534.61,-82286.303,1955
43,63,Tc,(1 2),,35.6,35.6 s,B-:100,8506.56,-79776.253,1965
43,64,Tc,(3/2-),,21.2,21.2 s,B-:100,8492.9,-78749.967,1965
43,65,Tc,(2)+,,5.17,5.17 s,B-:100,8462.82,-75922.831,1970
43,66,Tc,(5/2+),,0.91,0.91 s,B-:100 B-N:0.08,8444.18,-74282.828,1976
43,67,Tc,(2 3+),,0.9,0.900 s,B-:100 B-N:0.04,8411.26,-71034.564,1976
43,68,Tc,(5/2+),,0.29,290 ms,B-:100 B-N:0.85,8390.09,-69024.675,1988
43,69,Tc,(2+),,0.271,271 ms,B-:100 B-N:1.5,8353.62,-65258.932,1990
43,70,Tc,(5/2+),,0.152,152 ms,B-:100 B-N:2.1,8329.47,-62811.549,1992
43,71,Tc,(GE 4),,0.1,100 ms,B-:100 B-N,8290.26,-58600.294,1994
43,72,Tc,,,0.078,78 ms,B-:100 B-N,8264,-55796,1994
43,73,Tc,,,0.057,57 ms,B-:100 B-2N B-N,8223,-51214,1997
43,74,Tc,,,0.0445,44.5 ms,B-:100 B-N B-2N,8195,-48140,1997
43,75,Tc,,,0.03,30 ms,B-:100 B-N B-2N,8153,-43290,2010
43,76,Tc,,,0.022,22 ms,B-:100 B-N B-2N,8126,-40170,2010
43,77,Tc,,,0.021,21 ms,B-:100 B-2N B-N,8083,-35000,2010
43,78,Tc,,,0.022,22 ms,B-:100 B-N B-2N,8054,-31540,2015
43,79,Tc,,,,,B-:100 B-N B-2N,8011,-26305,2018
44,41,Ru,,,4.5e-07,450 ns,P ECP EC+B+,8027,-30630,2013
44,42,Ru,0+,,4.38e-07,438 ns,EC+B+ ECP,8133,-39770,2013
44,43,Ru,,,,,,8201,-45730,1995
44,44,Ru,0+,,1.2,1.2 s,EC+B+:100 ECP,8298,-54340,1994
44,45,Ru,(9/2+),,1.32,1.32 s,EC+B+:100 ECP:3.1,8340.38,-58369.424,1992
44,46,Ru,0+,,11.7,11.7 s,EC+B+:100,8409.77,-64883.801,1991
44,47,Ru,(9/2+),,8,8.0 s,EC+B+:100,8442.93,-68239.833,1983
44,48,Ru,0+,,219,3.65 m,EC+B+:100,8504.77,-74301.211,1971
44,49,Ru,(9/2)+,,59.7,59.7 s,EC+B+:100,8531.46,-77216.723,1972
44,50,Ru,0+,,3108,51.8 m,EC+B+:100,8583.66,-82583.602,1952
44,51,Ru,5/2+,,5915,1.643 h,EC+B+:100,8587.47,-83457.759,1948
44,52,Ru,0+,5.54,STABLE,stable,,8609.41,-86080.385,1931
44,53,Ru,5/2+,,2.445e+05,2.83 d,EC+B+:100,8604.28,-86120.564,1946
44,54,Ru,0+,1.87,STABLE,stable,,8620.31,-88224.871,1944
44,55,Ru,5/2+,12.76,STABLE,stable,,8608.71,-87625.385,1931
44,56,Ru,0+,12.6,STABLE,stable,,8619.36,-89227.391,1931
44,57,Ru,5/2+,17.06,STABLE,stable,,8601.37,-87958.113,1931
44,58,Ru,0+,31.55,STABLE,stable,,8607.43,-89106.435,1931
44,59,Ru,3/2+,,3.391e+06,39.247 d,B-:100,8584.37,-87267.168,1945
44,60,Ru,0+,18.62,STABLE,stable,,8587.4,-88095.763,1931
44,61,Ru,3/2+,,1.598e+04,4.439 h,B-:100,8561.9,-85934.543,1945
44,62,Ru,0+,,3.212e+07,371.8 d,B-:100,8560.94,-86323.253,1948
44,63,Ru,(5/2)+,,225,3.75 m,B-:100,8533.37,-83862.565,1951
44,64,Ru,0+,,273,4.55 m,B-:100,8527.23,-83661.404,1955
44,65,Ru,(5/2+),,34.4,34.4 s,B-:100,8496.23,-80738.455,1967
44,66,Ru,0+,,12.04,12.04 s,B-:100,8486.31,-80072.629,1970
44,67,Ru,5/2+,,2.12,2.12 s,B-:100,8452.96,-76785.325,1971
44,68,Ru,0+,,1.75,1.75 s,B-:100,8439.24,-75630.873,1970
44,69,Ru,(1/2+),,0.8,0.80 s,B-:100,8402.69,-71867.816,1988
44,70,Ru,0+,,0.54,0.54 s,B-:100,8385.34,-70221.213,1991
44,71,Ru,(3/2+),,0.318,318 ms,B-:100 B-N,8346.81,-66105.296,1992
44,72,Ru,0+,,0.204,204 ms,B-:100 B-N,8326.88,-64068.917,1994
44,73,Ru,,,0.151,151 ms,B-:100 B-N,8285.56,-59489.871,1994
44,74,Ru,0+,,0.099,99 ms,B-:100 B-N:4.6,8263,-57000,1994
44,75,Ru,,,0.0695,69.5 ms,B-:100 B-N B-2N,8220,-52080,1997
44,76,Ru,0+,,0.045,45 ms,B-:100 B-N,8199,-49720,2010
44,77,Ru,,,0.029,29 ms,B-:100 B-N B-2N,8156,-44620,2010
44,78,Ru,0+,,0.025,25 ms,B-:100 B-N B-2N,8132,-41780,2010
44,79,Ru,,,0.019,19 ms,B-:100 B-N B-2N,8089,-36550,2010
44,80,Ru,0+,,0.015,15 ms,B-:100 B-N B-2N,8065,-33590,2010
44,81,Ru,,,,,B-:100 B-2N B-N,8023,-28370,2018
45,44,Rh,,,1.2e-07,120 ns,P EC+B+ ECP,8189,-45651,
45,45,Rh,(0+),,0.029,29 ms,EC+B+:100 ECP:0.7,8254,-51634,1994
45,46,Rh,(9/2+),,1.47,1.47 s,EC+B+:100 B+P:1.3,8328,-58570,1994
45,47,Rh,(GE6+),,4.66,4.66 s,EC+B+:100 B+P:1.9,8373.42,-62999.095,1994
45,48,Rh,(9/2+),,12.2,12.2 s,EC+B+:100,8434.83,-69011.81,1994
45,49,Rh,(4+),,70.6,70.6 s,EC+B+:100 ECP:1.8,8472.4,-72907.623,1979
45,50,Rh,9/2+,,301.2,5.02 m,EC+B+:100,8525.37,-78340.616,1967
45,51,Rh,6+,,594,9.90 m,EC+B+:100,8534.67,-79687.732,1967
45,52,Rh,9/2+,,1842,30.7 m,EC+B+:100,8559.89,-82597.564,1955
45,53,Rh,(2)+,,523.2,8.72 m,EC+B+:100,8560.8,-83175.219,1955
45,54,Rh,1/2-,,1.391e+06,16.1 d,EC+B+:100,8580.2,-85584.522,1952
45,55,Rh,1-,,7.38e+04,20.5 h,EC+B+:100,8575.17,-85591.13,1948
45,56,Rh,1/2-,,1.041e+08,3.3 Y,EC:100,8588.22,-87412.428,1948
45,57,Rh,(1- 2-),,1.791e+07,207.3 d,EC+B+:78 B-:22,8576.98,-86783.316,1941
45,58,Rh,1/2-,100,STABLE,stable,,8584.19,-88031.705,1934
45,59,Rh,1+,,42.3,42.3 s,B-:99.55 EC+B+:0.45,8568.95,-86959.344,1939
45,60,Rh,7/2+,,1.272e+05,35.341 h,B-:100,8572.71,-87851.27,1945
45,61,Rh,1+,,30.07,30.07 s,B-:100,8553.93,-86362.656,1947
45,62,Rh,7/2+,,1302,21.7 m,B-:100,8554.1,-86863.711,1951
45,63,Rh,1+,,16.8,16.8 s,B-:100,8532.67,-85031.156,1955
45,64,Rh,7/2+,,80.8,80.8 s,B-:100,8528.14,-84999.251,1972
45,65,Rh,(1+),,3.35,3.35 s,B-:100,8504.26,-82828.693,1963
45,66,Rh,(7/2+),,11,11 s,B-:100,8495.63,-82303.871,1975
45,67,Rh,(1+),,3.6,3.6 s,B-:100,8468.87,-79731.052,1972
45,68,Rh,(7/2+),,2.8,2.80 s,B-:100,8456.82,-78766.944,1971
45,69,Rh,1+,,1.85,1.85 s,B-:100,8426.62,-75710.275,1988
45,70,Rh,(7/2+),,0.99,0.99 s,B-:100,8410.65,-74229.228,1988
45,71,Rh,1+,,0.68,0.68 s,B-:100,8377.61,-70735.742,1970
45,72,Rh,(7/2+),,0.44,0.44 s,B-:100,8359.28,-68896.758,1991
45,73,Rh,,,0.286,286 ms,B-:100 B-N:2.1,8322.85,-64886.84,1994
45,74,Rh,(7/2+),,0.171,171 ms,B-:100 B-N:6.4,8303.4,-62822.802,1994
45,75,Rh,,,0.132,132 ms,B-:100 B-N:5.4 B-2N,8266,-58620,1994
45,76,Rh,,,0.151,151 ms,B-:100 B-N,8245.24,-56250.134,1994
45,77,Rh,,,3e-07,300 ns,B- B-N B-2N,8208,-51880,1997
45,78,Rh,,,0.0422,42.2 ms,B-:100 B-N:24.2 B-2N,8185,-49190,2010
45,79,Rh,,,0.03,30 ms,B-:100 B-N B-2N,8148,-44710,2010
45,80,Rh,,,0.0265,26.5 ms,B-:100 B-N B-2N,8124,-41830,2010
45,81,Rh,,,0.019,19 ms,B-:100 B-N B-2N,8087,-37200,2010
45,82,Rh,,,0.02,20 ms,B-:100 B-N B-2N,8060,-33730,2015
45,83,Rh,,,,,B-:100 B-N B-2N,8010,-27340,2018
46,44,Pd,0+,,,,EC+B+:100 2P ECP,8113,-39710,2016
46,45,Pd,,,,,EC+B+:100,8183,-46170,1995
46,46,Pd,0+,,1,1.0 s,EC+B+:100,8275.57,-54779.095,1994
46,47,Pd,(9/2+),,1,1.00 s,EC+B+:100 ECP,8318.56,-58981.81,1994
46,48,Pd,0+,,9,9.0 s,EC+B+:100,8391.68,-66102.281,1982
46,49,Pd,(9/2+),,5,5 s,EC+B+:100,8428.98,-69965.913,1980
46,50,Pd,0+,,122,122 s,EC+B+:100,8490.02,-76183.42,1980
46,51,Pd,(5/2+),,186,3.10 m,EC+B+:100,8502.43,-77805.852,1969
46,52,Pd,0+,,1062,17.7 m,EC+B+:100,8533.9,-81320.985,1955
46,53,Pd,(5/2)+,,1284,21.4 m,EC+B+:100,8537.93,-82182.861,1955
46,54,Pd,0+,,3.136e+05,3.63 d,EC:100,8563.57,-85212.672,1948
46,55,Pd,5/2+,,3.049e+04,8.47 h,EC+B+:100,8560.86,-85432.145,1948
46,56,Pd,0+,1.02,STABLE,stable,,8580.29,-87902.963,1935
46,57,Pd,5/2+,,1.468e+06,16.991 d,EC:100,8571.02,-87456.98,1950
46,58,Pd,0+,11.14,STABLE,stable,,8584.85,-89395.123,1935
46,59,Pd,5/2+,22.33,STABLE,stable,,8570.65,-88417.905,1935
46,60,Pd,0+,27.33,STABLE,stable,,8579.99,-89907.543,1935
46,61,Pd,5/2+,,2.051e+14,6.5E+6 Y,B-:100,8560.89,-88372.654,1958
46,62,Pd,0+,26.46,STABLE,stable,,8567.02,-89524.215,1935
46,63,Pd,5/2+,,4.892e+04,13.59 h,B-:100,8544.88,-87606.484,1937
46,64,Pd,0+,11.72,STABLE,stable,,8547.16,-88330.904,1935
46,65,Pd,5/2+,,1404,23.4 m,B-:100,8521.75,-85985.886,1937
46,66,Pd,0+,,7.574e+04,21.04 h,B-:100,8520.72,-86321.039,1951
46,67,Pd,(5/2+),,93,93 s,B-:100,8492.58,-83590.5,1954
46,68,Pd,0+,,145.2,2.42 m,B-:100,8488.01,-83490.346,1958
46,69,Pd,(1/2)+,,25,25 s,B-:100,8457.73,-80425.822,1958
46,70,Pd,0+,,11.8,11.8 s,B-:100,8449.28,-79831.026,1970
46,71,Pd,(5/2+),,4.3,4.3 s,B-:100,8416.92,-76423.89,1968
46,72,Pd,0+,,1.9,1.9 s,B-:100,8405.22,-75388.358,1969
46,73,Pd,,,0.92,0.92 s,B-:100,8368.96,-71407.277,1991
46,74,Pd,0+,,0.492,492 ms,B-:100 B-N:0.7,8357.08,-70279.604,1993
46,75,Pd,,,0.285,285 ms,B-:100 B-N:0.8,8320.86,-66182.337,1994
46,76,Pd,0+,,0.175,175 ms,B-:100 B-N:2.5,8305.98,-64616.169,1994
46,77,Pd,,,0.109,109 ms,B-:100 B-N:1.4,8270.03,-60429.748,1994
46,78,Pd,0+,,0.038,38 ms,B-:100 B-N,8252,-58400,1997
46,79,Pd,,,0.057,57 ms,B-:100 B-N,8215,-53960,2008
46,80,Pd,0+,,0.0485,48.5 ms,B-:100 B-N:4.9,8197,-51790,2008
46,81,Pd,,,0.038,38 ms,B-:100 B-2N B-N,8160,-47220,2010
46,82,Pd,0+,,0.035,35 ms,B-:100 B-N,8137,-44390,2010
46,83,Pd,,,0.031,31 ms,B-:100 B-N B-2N,8086,-37880,2015
46,84,Pd,0+,,,,B-:100 B-N B-2N,8046,-32730,2018
46,85,Pd,,,,,B-:100 B-N B-2N,7993,-25740,2018
47,45,Ag,,,,,P EC+B+ ECP,8080,-37530,2016
47,46,Ag,,,2.28e-07,228 ns,P EC+B+ ECP,8175,-46400,1994
47,47,Ag,(0+),,0.026,26 ms,EC+B+:100 ECP,8238,-52402,1994
47,48,Ag,(9/2+),,1.75,1.75 s,EC+B+:100 ECP,8315,-59906,1994
47,49,Ag,(8)+,,4.4,4.40 s,EC+B+:100 ECP:8.5,8360.29,-64511.645,1982
47,50,Ag,(9/2+),,25.5,25.5 s,EC:100,8423.21,-70904.027,1978
47,51,Ag,(6+),,47.5,47.5 s,EC+B+:100 ECP:0.0011,8441.69,-73066.425,1978
47,52,Ag,(9/2)+,,124,124 s,EC+B+:100,8474.77,-76712.483,1967
47,53,Ag,(5)+,,120.6,2.01 m,EC+B+:100,8484.99,-78137.969,1970
47,54,Ag,9/2+,,666,11.1 m,EC+B+:100,8512.55,-81334.384,1966
47,55,Ag,5(+),,774,12.9 m,EC+B+:100,8517.17,-82246.702,1960
47,56,Ag,7/2+,,3942,65.7 m,EC+B+:100,8537.65,-84802.702,1954
47,57,Ag,5+,,4152,69.2 m,EC+B+:100,8536.18,-85116.47,1955
47,58,Ag,1/2-,,3.567e+06,41.29 d,EC+B+:100,8550.37,-87070.848,1939
47,59,Ag,1+,,1438,23.96 m,EC+B+:99.5 B-:1,8544.64,-86942.399,1937
47,60,Ag,1/2-,51.839,STABLE,stable,,8553.9,-88406.7,1924
47,61,Ag,1+,,142.9,2.382 m,B-:97.15 EC+B+:2.85,8542.03,-87606.792,1937
47,62,Ag,1/2-,48.161,STABLE,stable,,8547.92,-88719.431,1924
47,63,Ag,1+,,24.56,24.56 s,B-:99.7 EC:0.3,8532.11,-87457.306,1937
47,64,Ag,1/2-,,6.437e+05,7.45 d,B-:100,8534.79,-88215.447,1937
47,65,Ag,2(-),,1.127e+04,3.130 h,B-:100,8516.08,-86583.729,1938
47,66,Ag,1/2-,,1.933e+04,5.37 h,B-:100,8516.07,-87026.825,1949
47,67,Ag,1+,,4.6,4.6 s,B-:100,8493.78,-84930.811,1958
47,68,Ag,1/2-,,1200,20.0 m,B-:100,8490.56,-84982.587,1949
47,69,Ag,(0-),,230,230 s,B-:100,8465.91,-82542.664,1958
47,70,Ag,(1/2-),,72.8,72.8 s,B-:100,8459.45,-82181.918,1958
47,71,Ag,1(-),,3.76,3.76 s,B-:100,8433.89,-79553.802,1967
47,72,Ag,(7/2+),,2.1,2.1 s,B-:100,8423.21,-78645.759,1975
47,73,Ag,3(+),,1.23,1.23 s,B-:100 B-N:0.003,8395.33,-75651.512,1971
47,74,Ag,(7/2+),,0.78,0.78 s,B-:100 B-N:0.08,8382.33,-74402.831,1982
47,75,Ag,(3+),,0.529,0.529 s,B-:99.8 B-N:0.186,8352.76,-71106.118,1978
47,76,Ag,(7/2+),,0.299,0.299 s,B-:100 B-N:0.62,8337.97,-69568.581,1976
47,77,Ag,(3+),,0.191,191 ms,B-:100 B-N:1.3,8308.9,-66229.951,1984
47,78,Ag,(9/2+),,0.159,159 ms,B-:100 B-N,8293.32,-64519.939,1994
47,79,Ag,(3+),,0.052,52 ms,B-:100 B-N,8261,-60720,1994
47,80,Ag,,,0.109,109 ms,B-:100,8244,-58650,1995
47,81,Ag,,,0.058,58 ms,B-:100 B-N,8211,-54710,2000
47,82,Ag,(9/2+),,0.046,46 ms,B-:100 B-N:0,8188,-51870,2000
47,83,Ag,,,0.042,42 ms,B-:100 B-2N B-N,8142,-45898,2000
47,84,Ag,,,0.035,35 ms,B-:100 B-N B-2N,8102,-40750,2013
47,85,Ag,,,0.028,28 ms,B-:100 B-N B-2N,8053,-34400,2015
48,46,Cd,0+,,7.6e-07,760 ns,ECP EC+B+,8102,-40440,2016
48,47,Cd,,,0.032,32 ms,B+:100 B+P:4.5,8171,-47056,2011
48,48,Cd,0+,,1.03,1.03 s,EC+B+:100,8259,-55572,2008
48,49,Cd,(9/2+),,2.8,2.8 s,EC:100 ECP,8310.3,-60734.027,1978
48,50,Cd,0+,,9.3,9.3 s,EC+B+:100 ECP:0.029,8378.3,-67636.425,1978
48,51,Cd,(5/2+),,16,16 s,EC+B+:100 B+P:0.17 B+A:0.0001,8398.37,-69931.132,1978
48,52,Cd,0+,,49.1,49.1 s,EC+B+:100,8437.74,-74194.595,1970
48,53,Cd,(5/2+),,81.6,1.36 m,EC+B+:100,8450.37,-75836.466,1969
48,54,Cd,0+,,330,5.5 m,EC+B+:100,8484.13,-79659.702,1969
48,55,Cd,(5/2)+,,438,7.3 m,EC+B+:100,8489.75,-80651.626,1960
48,56,Cd,0+,,3462,57.7 m,EC+B+:100,8517.62,-83968.391,1955
48,57,Cd,5/2+,,3330,55.5 m,EC+B+:100,8516.85,-84333.849,1950
48,58,Cd,0+,1.245,STABLE,stable,2B+,8539.05,-87132.153,1935
48,59,Cd,5/2+,,2.34e+04,6.50 h,EC+B+:100,8533.35,-86990.325,1946
48,60,Cd,0+,0.888,STABLE,stable,,8550.02,-89252.423,1935
48,61,Cd,5/2+,,3.991e+07,461.9 d,EC:100,8538.76,-88504.33,1950
48,62,Cd,0+,12.47,STABLE,stable,,8551.28,-90347.969,1925
48,63,Cd,1/2+,12.795,STABLE,stable,,8537.08,-89252.247,1925
48,64,Cd,0+,24.109,STABLE,stable,,8544.73,-90574.857,1925
48,65,Cd,1/2+,12.227,2.537e+23,8.04E15 Y,B-:100,8526.99,-89043.286,1925
48,66,Cd,0+,28.754,STABLE,stable,2B-:100,8531.51,-90014.934,1925
48,67,Cd,1/2+,,1.925e+05,53.46 h,B-:100,8510.73,-88084.48,1939
48,68,Cd,0+,7.512,1.041e+27,3.3E+19 Y,2B-,8512.35,-88712.489,1925
48,69,Cd,1/2+,,8964,2.49 h,B-:100,8488.97,-86418.397,1939
48,70,Cd,0+,,3018,50.3 m,B-:100,8487.83,-86701.649,1961
48,71,Cd,1/2+,,161.4,2.69 m,B-:100,8461.44,-83976.939,1961
48,72,Cd,0+,,50.8,50.80 s,B-:100,8458.02,-83957.365,1973
48,73,Cd,(3/2+),,13.5,13.5 s,B-:100,8431,-81073.837,1965
48,74,Cd,0+,,5.24,5.24 s,B-:100,8424.27,-80612.384,1973
48,75,Cd,3/2(+),,2.1,2.10 s,B-:100,8395.4,-77414.183,1983
48,76,Cd,0+,,1.25,1.25 s,B-:100,8387.02,-76699.436,1974
48,77,Cd,(3/2+),,0.68,0.68 s,B-:100,8357.68,-73348.09,1986
48,78,Cd,0+,,0.514,0.514 s,B-:100,8346.74,-72255.727,1978
48,79,Cd,(3/2+),,0.37,0.37 s,B-:100,8316.9,-68741.199,1986
48,80,Cd,0+,,0.28,0.28 s,B-:100,8303.24,-67238.245,1986
48,81,Cd,11/2-,,0.154,154 ms,B-:100 B-N:0,8269.53,-63122.142,2003
48,82,Cd,0+,,0.162,162 ms,B-:100 B-N:3.5,8252.59,-61117.597,1986
48,83,Cd,(7/2-),,0.068,68 ms,B-:100 B-N:3.5,8206.12,-55211.76,2000
48,84,Cd,0+,,0.084,84 ms,B-:100 B-N:60 B-2N,8169.14,-50465.429,2000
48,85,Cd,(7/2-),,0.057,57 ms,B-:100 B-N B-2N,8121,-44140,2010
48,86,Cd,0+,,0.065,65 ms,B-:100 B-N B-2N,8086,-39460,2015
49,47,In,,,,,P EC+B+ ECP,8069,-38090,2016
49,48,In,(9/2+),,0.036,36 ms,B+:100 B+P:1.7,8165,-47390,2011
49,49,In,(0+),,0.03,30 ms,EC+B+:100 ECP:0.13,8230,-53906,1994
49,50,In,,,3.1,3.1 s,B+P:0.9,8304,-61376,1994
49,51,In,(6+),,5.65,5.65 s,EC+B+:100 ECP:1.66,8329.75,-64178.146,1982
49,52,In,(9/2+),,15.1,15.1 s,EC+B+:100 B+P,8370.43,-68544.901,1988
49,53,In,(6+),,23.3,23.3 s,EC+B+:100 B+P:0.0093,8388.57,-70694.896,1981
49,54,In,(9/2)+,,65,65 s,EC+B+:100,8423.72,-74632.397,1978
49,55,In,(6+),,108,1.80 m,EC+B+:100,8435.24,-76182.675,1977
49,56,In,9/2+,,304.2,5.07 m,EC+B+:100,8464.7,-79640.582,1975
49,57,In,7+,,372,6.2 m,EC+B+:100,8470.12,-80608.15,1962
49,58,In,9/2+,,1944,32.4 m,EC+B+:100,8494.04,-83566.667,1949
49,59,In,7+,,3480,58.0 m,EC+B+:100,8495.25,-84119.828,1949
49,60,In,9/2+,,1.497e+04,4.159 h,EC+B+:100,8513.1,-86489.526,1948
49,61,In,7+,,1.771e+04,4.92 h,EC+B+:100,8508.91,-86469.969,1939
49,62,In,9/2+,,2.423e+05,2.8047 d,EC:100,8522.28,-88392.05,1947
49,63,In,1+,,892.8,14.88 m,EC+B+:62 B-:38,8514.67,-87990.127,1947
49,64,In,9/2+,4.281,STABLE,stable,,8522.93,-89367.123,1934
49,65,In,1+,,71.9,71.9 s,B-:99.5 EC+B+:0.5,8511.97,-88569.807,1937
49,66,In,9/2+,95.719,1.392e+22,4.41E+14 Y,B-:100,8516.55,-89536.357,1924
49,67,In,1+,,14.1,14.10 s,B-:99.977 EC:0.023,8501.62,-88249.758,1937
49,68,In,9/2+,,2592,43.2 m,B-:100,8503.87,-88943.035,1937
49,69,In,1+,,5,5.0 s,B-:100,8485.67,-87228.177,1949
49,70,In,9/2+,,144,2.4 m,B-:100,8486.14,-87698.658,1949
49,71,In,1+,,3.08,3.08 s,B-:100,8466.26,-85727.741,1958
49,72,In,9/2+,,23.1,23.1 s,B-:100,8463.88,-85834.593,1960
49,73,In,1+,,1.5,1.5 s,B-:100,8442.11,-83571.361,1963
49,74,In,9/2+,,6.15,6.15 s,B-:100,8437.94,-83429.034,1960
49,75,In,(1)+,,3.12,3.12 s,B-:100,8414.32,-80867.778,1964
49,76,In,9/2+,,2.36,2.36 s,B-:100,8407.94,-80412.308,1967
49,77,In,3(+),,1.53,1.53 s,B-:100,8384.61,-77809.377,1974
49,78,In,(9/2+),,1.09,1.09 s,B-:100 B-N:0.03,8374.82,-76879.897,1975
49,79,In,(3)+,,0.84,0.84 s,B-:100 B-N:0.046,8351.44,-74190.117,1975
49,80,In,(9/2+),,0.611,611 ms,B-:100 B-N:0.23,8338.76,-72834.889,1975
49,81,In,1(-),,0.29,0.29 s,B-:100 B-N:0.93,8314.18,-69906.53,1973
49,82,In,(9/2+),,0.28,0.28 s,B-:100 B-N:2,8297.95,-68024.369,1976
49,83,In,(7-),,0.2,0.200 s,B-:100 B-N:7.4 B-2N,8253.72,-62411.554,1973
49,84,In,(9/2+),,0.165,165 ms,B-:100 B-N:85,8217,-57690,1996
49,85,In,(4- TO 7-),,0.14,140 ms,B-:100 B-N:65,8173,-51970,1996
49,86,In,,,0.101,101 ms,B-:100 B-N:0 B-2N,8136,-47110,2002
49,87,In,,,0.085,85 ms,B-:100 B-N B-2N,8091,-40970,2015
49,88,In,,,0.065,65 ms,B-:100 B-2N B-N,8053,-35830,2015
50,49,Sn,,,7.6e-07,760 ns,EC+B+ ECP,8161,-47976,2011
50,50,Sn,0+,,1.18,1.18 s,EC+B+:100 ECP:17,8251.63,-57148.146,1994
50,51,Sn,(5/2+),,1.7,1.7 s,EC+B+:100 ECP:26,8281.1,-60305.624,1994
50,52,Sn,0+,,3.8,3.8 s,EC+B+:100,8324.43,-64934.896,1994
50,53,Sn,(5/2+),,7,7.0 s,EC+B+:100 ECP:1.2,8343,-67092,1981
50,54,Sn,0+,,20.8,20.8 s,EC+B+:100,8383.91,-71627.057,1985
50,55,Sn,(5/2+),,32.7,32.7 s,EC+B+:100 B+P:0.011,8397.23,-73338.001,1981
50,56,Sn,0+,,115,115 s,EC+B+:100,8432.04,-77353.698,1975
50,57,Sn,(5/2+),,174,2.90 m,EC+B+:100,8439.49,-78512.239,1976
50,58,Sn,0+,,618,10.30 m,EC+B+:100,8469.03,-82069.949,1968
50,59,Sn,5/2+,,1086,18.1 m,EC+B+:100,8470.52,-82630.18,1966
50,60,Sn,0+,,1.495e+04,4.154 h,EC:100,8496.09,-85841.993,1965
50,61,Sn,7/2+,,2118,35.3 m,EC+B+:100,8493.13,-85938.581,1949
50,62,Sn,0+,0.97,STABLE,stable,,8513.62,-88655.049,1927
50,63,Sn,1/2+,,9.944e+06,115.09 d,EC+B+:100,8506.81,-88328.129,1939
50,64,Sn,0+,0.66,STABLE,stable,,8522.57,-90559.735,1927
50,65,Sn,1/2+,0.34,STABLE,stable,,8514.07,-90033.846,1927
50,66,Sn,0+,14.54,STABLE,stable,,8523.12,-91525.979,1922
50,67,Sn,1/2+,7.68,STABLE,stable,,8509.61,-90397.742,1923
50,68,Sn,0+,24.22,STABLE,stable,,8516.53,-91652.843,1924
50,69,Sn,1/2+,8.59,STABLE,stable,,8499.45,-90064.985,1925
50,70,Sn,0+,32.58,STABLE,stable,,8504.49,-91097.741,1926
50,71,Sn,3/2+,,9.731e+04,27.03 h,B-:100,8485.2,-89196.626,1948
50,72,Sn,0+,4.63,STABLE,stable,,8487.9,-89939.953,1928
50,73,Sn,11/2-,,1.116e+07,129.2 d,B-:100,8467.23,-87814.683,1948
50,74,Sn,0+,5.79,STABLE,stable,,8467.4,-88231.475,1922
50,75,Sn,11/2-,,8.329e+05,9.64 d,B-:100,8445.53,-85893.657,1939
50,76,Sn,0+,,6.879e+12,2.18E+5 Y,B-:100,8443.52,-86015.135,1962
50,77,Sn,11/2-,,7560,2.10 h,B-:100,8420.55,-83469.578,1951
50,78,Sn,0+,,3544,59.07 m,B-:100,8416.97,-83361.43,1956
50,79,Sn,3/2+,,133.8,2.23 m,B-:100,8392.82,-80590.597,1962
50,80,Sn,0+,,223.2,3.72 m,B-:100,8386.82,-80132.217,1972
50,81,Sn,(3/2+),,56,56.0 s,B-:100,8362.52,-77264.579,1963
50,82,Sn,0+,,39.7,39.7 s,B-:100,8354.87,-76546.554,1963
50,83,Sn,7/2-,,1.46,1.46 s,B-:100 B-N:0.0294,8310.09,-70873.89,1973
50,84,Sn,0+,,1.05,1.050 s,B-:100 B-N:17,8275.17,-66433.759,1974
50,85,Sn,(7/2-),,0.515,515 ms,B-:100 B-N:21 B-2N,8230.69,-60632.252,1994
50,86,Sn,0+,,0.345,345 ms,B-:100 B-N:27,8197,-56170,1994
50,87,Sn,,,0.19,190 ms,B-:100 B-N:58,8152,-50150,1994
50,88,Sn,0+,,0.14,140 ms,B-:100 B-N:36 B-2N,8118,-45510,2010
50,89,Sn,,,0.13,130 ms,B-:100 B-N B-3N,8073,-39310,2015
50,90,Sn,0+,,,,B-:100 B-N B-2N,8038,-34490,2018
51,52,Sb,,,4.9e-08,49 ns,P,8234,-56670,2010
51,53,Sb,,,0.44,0.44 s,EC+B+:100 ECP:7 P:1,8258,-59295,1995
51,54,Sb,(5/2+),,1.22,1.22 s,EC+B+:100 P,8300.99,-64015.491,1994
51,55,Sb,(2+),,0.6,0.6 s,EC+B+,8322.01,-66473.301,1981
51,56,Sb,(5/2+),,4,4.0 s,EC+B+:100,8358.73,-70653.248,1994
51,57,Sb,(4+),,7.4,7.4 s,EC+B+:100,8372.67,-72445.341,1976
51,58,Sb,(5/2+),,17.2,17.2 s,EC+B+:100,8404.82,-76250.986,1976
51,59,Sb,(3+),,23.6,23.6 s,EC+B+:100,8412.68,-77449.745,1972
51,60,Sb,(5/2+),,75,75 s,EC+B+:100,8440.12,-80836.747,1972
51,61,Sb,(3+),,53.5,53.5 s,EC+B+:100,8443.63,-81598.973,1959
51,62,Sb,5/2+,,400.2,6.67 m,EC+B+:100,8465.28,-84416.966,1958
51,63,Sb,3+,,209.4,3.49 m,EC+B+:100,8462.52,-84496.616,1959
51,64,Sb,5/2+,,1926,32.1 m,EC+B+:100,8480.92,-87003.412,1958
51,65,Sb,3+,,948,15.8 m,EC+B+:100,8475.82,-86822.02,1949
51,66,Sb,5/2+,,1.008e+04,2.80 h,EC+B+:100 B+:1.7,8487.9,-88639.564,1947
51,67,Sb,1+,,216,3.6 m,EC+B+:100,8478.92,-87996.204,1947
51,68,Sb,5/2+,,1.375e+05,38.19 h,EC:100,8487.92,-89475.539,1947
51,69,Sb,1+,,953.4,15.89 m,EC+B+:100,8475.63,-88417.133,1937
51,70,Sb,5/2+,57.21,STABLE,stable,,8482.06,-89599.157,1922
51,71,Sb,2-,,2.353e+05,2.7238 d,B-:97.59 EC+B+:2.41,8468.32,-88334.205,1939
51,72,Sb,7/2+,42.79,STABLE,stable,,8472.32,-89222.89,1922
51,73,Sb,3-,,5.201e+06,60.20 d,B-:100,8456.15,-87619.069,1939
51,74,Sb,7/2+,,8.705e+07,2.75856 Y,B-:100,8458.16,-88255.094,1951
51,75,Sb,(8-),,1.067e+06,12.35 d,B-:100,8440.31,-86393.135,1956
51,76,Sb,7/2+,,3.326e+05,3.85 d,B-:100,8439.81,-86698.294,1939
51,77,Sb,8-,,3.258e+04,9.05 h,B-:100,8420.77,-84629.852,1956
51,78,Sb,7/2+,,1.572e+04,4.366 h,B-:100,8418.06,-84629.384,1939
51,79,Sb,(8-),,2370,39.5 m,B-:100,8397.36,-82285.687,1962
51,80,Sb,(7/2+),,1382,23.03 m,B-:100,8392.55,-81981.412,1956
51,81,Sb,(4)+,,167.4,2.79 m,B-:100,8372.35,-79635.282,1956
51,82,Sb,(7/2+),,140.4,2.34 m,B-:100,8364.73,-78923.513,1966
51,83,Sb,(0-),,0.78,0.78 s,B-:100,8325.94,-74019.004,1967
51,84,Sb,(7/2+),,1.679,1.679 s,B-:100 B-N:22,8291.99,-69690.332,1964
51,85,Sb,(1-),,0.923,0.923 s,B-:100 B-N:18.5 B-2N:1,8252.25,-64506.89,1976
51,86,Sb,(7/2+),,0.45,450 ms,B-:100 B-N:49,8218.48,-60060.392,1994
51,87,Sb,(3-),,0.348,348 ms,B-N:72 B- B-2N,8178,-54650,1994
51,88,Sb,(7/2+),,0.093,93 ms,B-:100 B-N:90 B-2N,8144,-50050,1994
51,89,Sb,(3- 4-),,0.173,173 ms,B-:100 B-N:23 B-2N:7.6,8103,-44390,2010
51,90,Sb,,,0.103,103 ms,B-:100 B-2N B-N,8069,-39540,2018
51,91,Sb,,,0.053,53 ms,B-:100 B-2N B-N,8027,-33610,2018
52,52,Te,0+,,1.8e-08,18 ns,A:100 2P,8157.33,-49626.831,2018
52,53,Te,[5/2+],,6.2e-07,0.62 us,A:100,8186.84,-52811.509,2006
52,54,Te,0+,,7e-05,70 us,A:100,8236.77,-58219.759,1981
52,55,Te,,,0.0031,3.1 ms,A:70 EC+B+:30,8258,-60657,1979
52,56,Te,0+,,2.1,2.1 s,EC+B+:51 A:49 B+P:2.4,8303.72,-65781.676,1974
52,57,Te,(5/2+),,4.4,4.4 s,EC+B+:96.1 B+P:9.4 A:3.9,8319.33,-67715.399,1967
52,58,Te,0+,,18.6,18.6 s,EC+B+:100 A:0.00067,8358.12,-72229.821,1977
52,59,Te,(5/2)+,,19.3,19.3 s,EC+B+:100 B+P,8367.76,-73587.487,1967
52,60,Te,0+,,120,2.0 m,EC+B+:100,8400.65,-77567.518,1976
52,61,Te,(7/2+),,102,1.7 m,EC+B+:100,8404.64,-78347.037,1974
52,62,Te,0+,,912,15.2 m,EC+B+:100,8432.79,-81889.676,1968
52,63,Te,7/2+,,348,5.8 m,EC+B+:100,8431.15,-82062.767,1961
52,64,Te,0+,,8964,2.49 h,EC+B+:100,8455.64,-85263.793,1958
52,65,Te,1/2+,,3720,62 m,EC+B+:100 B+:25,8450.92,-85095.5,1958
52,66,Te,0+,,5.184e+05,6.00 d,EC:100,8469.7,-87690.758,1948
52,67,Te,1/2+,,5.778e+04,16.05 h,EC+B+:100 B+:2.06,8462.08,-87182.539,1948
52,68,Te,0+,0.09,STABLE,stable,,8476.99,-89362.16,1936
52,69,Te,1/2+,,1.656e+06,19.17 d,EC+B+:100,8466.86,-88543.111,1939
52,70,Te,0+,2.55,STABLE,stable,,8478.13,-90313.282,1932
52,71,Te,1/2+,0.89,2.903e+24,9.2E+16 Y,EC:100,8465.54,-89170.978,1932
52,72,Te,0+,4.74,STABLE,stable,,8473.27,-90524.142,1932
52,73,Te,1/2+,7.07,STABLE,stable,,8458.04,-89021.794,1931
52,74,Te,0+,18.84,STABLE,stable,,8463.24,-90064.168,1924
52,75,Te,3/2+,,3.366e+04,9.35 h,B-:100,8446.11,-88280.497,1938
52,76,Te,0+,31.74,2.43e+32,7.7E+24 Y,2B-:100,8448.75,-88993.794,1924
52,77,Te,3/2+,,4176,69.6 m,B-:100,8430.41,-87004.884,1939
52,78,Te,0+,34.08,2.493e+28,0.79E+21 Y,2B-:100,8430.33,-87352.96,1924
52,79,Te,3/2+,,1500,25.0 m,B-:100,8411.23,-85211.022,1939
52,80,Te,0+,,2.768e+05,3.204 d,B-:100,8408.49,-85188.197,1948
52,81,Te,(3/2+),,750,12.5 m,B-:100,8389.03,-82937.133,1940
52,82,Te,0+,,2508,41.8 m,B-:100,8383.64,-82533.752,1948
52,83,Te,(7/2-),,19,19.0 s,B-:100,8345.74,-77728.79,1969
52,84,Te,0+,,17.63,17.63 s,B-:100 B-N:1.31,8319.43,-74425.279,1974
52,85,Te,(7/2-),,2.49,2.49 s,B-:100 B-N:2.99,8280.24,-69303.762,1975
52,86,Te,0+,,1.4,1.4 s,B-:100 B-N:6.3,8252.58,-65695.995,1975
52,87,Te,(7/2-),,1.6,1.6 s,B-:100 B-N,8211.77,-60205.08,1994
52,88,Te,0+,,0.348,348 ms,B-:100 B-N,8183.36,-56367.449,1994
52,89,Te,,,0.193,193 ms,B-:100 B-N,8142,-50670,1994
52,90,Te,0+,,,,,8113,-46550,1994
52,91,Te,,,4.08e-07,408 ns,B- B-N B-2N,8070,-40530,2010
52,92,Te,0+,,,,B-:100 B-2N B-N,8040,-36220,2015
52,93,Te,,,,,B-:100 B-2N B-N,7998,-30010,2018
53,55,I,(1),,0.036,36 ms,A:91 EC+B+:9 P:1,8176,-52771,1991
53,56,I,(1/2+ 3/2+),,9.28e-05,92.8 us,P:99.986 A:0.014,8220.02,-57672.505,1984
53,57,I,(1+),,0.664,0.664 s,EC+B+:83 A:17 ECP:11,8244.08,-60467.844,1977
53,58,I,(5/2+),,2.5,2.5 s,EC+B+:99.9 A:0.1,8282.93,-64953.795,1977
53,59,I,(1+),,3.34,3.34 s,EC+B+:100 ECP:0.88 ECA:0.104,8299.88,-67063.339,1977
53,60,I,5/2+,,6.6,6.6 s,EC+B+:100 A:0.000000331,8333.75,-71119.517,1977
53,61,I,1+,,2.1,2.1 s,EC+B+:100 B+P,8344.78,-72638.935,1977
53,62,I,(5/2+),,78,1.3 m,EC+B+:100,8374.57,-76337.805,1969
53,63,I,1+,,2.91,2.91 s,EC+B+:100,8381.29,-77420.654,1976
53,64,I,(5/2)+,,133.2,2.22 m,EC+B+:100 B+:77,8404.43,-80438.568,1969
53,65,I,2-,,822,13.7 m,EC+B+:100,8406.12,-80971.056,1957
53,66,I,5/2+,,1146,19.1 m,EC+B+:100 B+:51 EC:49,8426.89,-83777.731,1954
53,67,I,2-,,4896,81.6 m,EC+B+:100,8423.67,-83747.16,1957
53,68,I,5/2+,,7632,2.12 h,EC+B+:100,8441.41,-86245.649,1950
53,69,I,1+,,217.8,3.63 m,EC+B+:100,8437.01,-86079.282,1950
53,70,I,5/2+,,4.76e+04,13.2230 h,EC+B+:100,8449.19,-87942.588,1949
53,71,I,2-,,3.608e+05,4.1760 d,EC+B+:100,8441.48,-87364.555,1938
53,72,I,5/2+,,5.133e+06,59.407 d,EC:100,8450.29,-88836.024,1947
53,73,I,2-,,1.117e+06,12.93 d,EC+B+:52.7 B-:47.3,8439.94,-87910.496,1938
53,74,I,5/2+,100,STABLE,stable,,8445.48,-88983.217,1920
53,75,I,1+,,1499,24.99 m,B-:93.1 EC+B+:6.9,8432.83,-87738.03,1934
53,76,I,7/2+,,4.954e+14,1.57E+7 Y,B-:100,8435.99,-88507.176,1951
53,77,I,5+,,4.45e+04,12.36 h,B-:100,8421.1,-86936.188,1938
53,78,I,7/2+,,6.934e+05,8.0252 d,B-:100,8422.3,-87442.727,1939
53,79,I,4+,,8262,2.295 h,B-:100,8406.46,-85703.502,1948
53,80,I,7/2+,,7.499e+04,20.83 h,B-:100,8405.1,-85857.302,1940
53,81,I,(4)+,,3150,52.5 m,B-:100,8389.07,-84043.44,1948
53,82,I,7/2+,,2.369e+04,6.58 h,B-:100,8384.76,-83779.18,1940
53,83,I,(1-),,83.4,83.4 s,B-:100,8351.32,-79545.225,1949
53,84,I,(7/2+),,24.5,24.5 s,B-:100 B-N:7.14,8326,-76356.268,1943
53,85,I,(1-),,6.26,6.26 s,B-:100 B-N:5.44,8292.44,-71979.91,1949
53,86,I,(7/2+),,2.28,2.280 s,B-:100 B-N:10,8265.61,-68470.964,1949
53,87,I,(4-),,0.86,0.86 s,B-:100 B-N:7.6,8229.47,-63606.223,1972
53,88,I,,,0.418,0.418 s,B-:100 B-N:21.2,8202.26,-59926.666,1974
53,89,I,,,0.222,222 ms,,8165.25,-54802.969,1975
53,90,I,,,0.13,130 ms,B-,8137,-50790,1994
53,91,I,,,3e-07,300 ns,,8098,-45330,1994
53,92,I,,,4.07e-07,407 ns,B-N B-,8069,-41130,2010
53,93,I,,,0.094,94 ms,B-:100 B-2N B-N,8031,-35540,2018
53,94,I,,,,,B-:100 B-N B-2N,8001,-31200,2018
54,54,Xe,0+,,5.4e-05,54 us,A:100 2P,8074.89,-42632.357,2018
54,55,Xe,(7/2+),,0.013,13 ms,A:100,8107.31,-46169.546,2006
54,56,Xe,0+,,0.093,93 ms,A:64 EC+B+:36 ECP,8159.28,-51922.636,1981
54,57,Xe,,,0.74,0.74 s,A:8 EC+B+,8182,-54520,1979
54,58,Xe,0+,,2.7,2.7 s,EC+B+:98.8 A:1.2,8230.06,-60026.348,1978
54,59,Xe,(5/2+),,2.74,2.74 s,EC+B+:100 ECP:7 A:0.011,8247.93,-62203.626,1973
54,60,Xe,0+,,10,10.0 s,EC+B+:100,8289.21,-67085.899,1977
54,61,Xe,(5/2+),,18,18 s,EC+B+:100 B+P:0.34 A:0.0003,8300.97,-68656.757,1969
54,62,Xe,0+,,59,59 s,EC+B+:100,8336.84,-73046.877,1969
54,63,Xe,5/2(+),,61,61 s,EC+B+:100 B+P:0.0029,8344.3,-74185.347,1969
54,64,Xe,0+,,228,3.8 m,EC+B+:100,8374.98,-78079.067,1965
54,65,Xe,(5/2+),,348,5.8 m,EC+B+:100,8378.44,-78794.488,1965
54,66,Xe,0+,,2400,40 m,EC+B+:100,8404.03,-82172.434,1965
54,67,Xe,5/2(+),,2406,40.1 m,EC+B+:100,8403.83,-82480.997,1952
54,68,Xe,0+,,7.236e+04,20.1 h,EC:100,8424.66,-85354.988,1952
54,69,Xe,1/2(+),,7380,2.050 h,EC+B+:100,8420.92,-85248.258,1952
54,70,Xe,0+,0.095,5.049e+21,1.6E+14 Y,2B+,8437.61,-87667.405,1922
54,71,Xe,1/2(+),,6.084e+04,16.9 h,EC+B+:100,8430.94,-87199.361,1950
54,72,Xe,0+,0.089,STABLE,stable,,8443.54,-89146.387,1922
54,73,Xe,1/2+,,3.14e+06,36.346 d,EC:100,8434.11,-88320.883,1950
54,74,Xe,0+,1.91,STABLE,stable,,8443.3,-89860.534,1922
54,75,Xe,1/2+,26.401,STABLE,stable,,8431.39,-88696.07,1920
54,76,Xe,0+,4.071,STABLE,stable,,8437.73,-89880.474,1922
54,77,Xe,3/2+,21.232,STABLE,stable,,8423.74,-88413.575,1920
54,78,Xe,0+,26.909,STABLE,stable,,8427.62,-89278.975,1920
54,79,Xe,3/2+,,4.534e+05,5.2475 d,B-:100,8412.65,-87643.583,1940
54,80,Xe,0+,10.436,1.83e+30,5.8E+22 Y,2B-:0,8413.7,-88125.834,1920
54,81,Xe,3/2+,,3.29e+04,9.14 h,B-:100,8398.48,-86413.365,1940
54,82,Xe,0+,8.857,6.832e+28,2.165E21 Y,2B-:100,8396.19,-86429.17,1920
54,83,Xe,7/2-,,229.1,3.818 m,B-:100,8364.29,-82383.414,1943
54,84,Xe,0+,,848.4,14.14 m,B-:100,8344.69,-79972.244,1943
54,85,Xe,3/2-,,39.68,39.68 s,B-:100,8311.59,-75644.586,1951
54,86,Xe,0+,,13.6,13.60 s,B-:100,8290.89,-72986.461,1951
54,87,Xe,5/2(-),,1.73,1.73 s,B-:100 B-N:0.044,8255.36,-68197.309,1951
54,88,Xe,0+,,1.23,1.23 s,B-:100 B-N:0.21,8233.17,-65229.648,1960
54,89,Xe,5/2-,,0.511,0.511 s,B-:100 B-N:0,8196.89,-60202.882,1951
54,90,Xe,0+,,1.15,1.15 s,B-:100,8172.88,-56872.301,2003
54,91,Xe,,,0.188,188 ms,B-:100 B-N:5,8135.09,-51493.337,2003
54,92,Xe,0+,,0.146,146 ms,B-:100 B-N:6.9,8110.42,-47954.95,1989
54,93,Xe,,,0.088,88 ms,B-:100 B-N:8,8072,-42400,1994
54,94,Xe,0+,,4e-07,0.4 us,B-N B-,8047,-38650,2010
54,95,Xe,,,,,B-:100 B-N B-2N,8009,-33000,2018
54,96,Xe,0+,,,,B-:100 B-2N B-N,7983,-28990,2018
55,57,Cs,(1+),,0.00049,0.49 ms,P:100 A:0.26,8102,-46415,1994
55,58,Cs,(3/2+),,1.77e-05,17.7 us,P:100,8148.62,-51764.539,1984
55,59,Cs,(1+),,0.57,0.57 s,EC+B+:99.982 ECP:8.7 ECA:0.19,8173.57,-54685.928,1978
55,60,Cs,,,1.4,1.4 s,EC+B+:100 B+P:0.07,8216,-59699,1978
55,61,Cs,(1+),,0.7,0.70 s,EC+B+:100 ECP:2.8 ECA:0.049,8235,-62043,1975
55,62,Cs,(9/2+),,8.4,8.4 s,EC+B+:100,8271.87,-66493.101,1972
55,63,Cs,2(-),,14,14 s,EC+B+:100 ECP:0.042 ECA:0.0024,8286.41,-68409.377,1969
55,64,Cs,9/2+,,43,43.0 s,EC+B+:100,8317.33,-72305.061,1978
55,65,Cs,2(+),,61.3,61.3 s,EC+B+:100 B+A:0.00002 B+P:0.000007,8328.48,-73888.649,1969
55,66,Cs,3/2(+),,155,155 s,EC+B+:100,8352.92,-77102.342,1969
55,67,Cs,1+,,21.18,21.18 s,EC+B+:100,8359.15,-78144.769,1969
55,68,Cs,1/2(+),,351.6,5.86 m,EC+B+:100,8380.38,-81043.657,1954
55,69,Cs,1+,,30.9,30.9 s,EC+B+:100,8383.51,-81741.06,1969
55,70,Cs,1/2(+),,2802,46.7 m,EC+B+:100,8399.8,-84089.742,1954
55,71,Cs,1+,,98.58,1.643 m,EC+B+:100,8399.27,-84350.683,1954
55,72,Cs,1/2+,,2.25e+04,6.25 h,EC+B+:100,8411.56,-86240.027,1950
55,73,Cs,1+,,218.4,3.640 m,EC+B+:100,8406.5,-85931.773,1951
55,74,Cs,1/2+,,1.154e+05,32.06 h,EC+B+:100,8416.05,-87499.05,1950
55,75,Cs,1+,,1753,29.21 m,EC+B+:98.4 B-:1.6,8408.78,-86899.754,1952
55,76,Cs,5/2+,,8.371e+05,9.689 d,EC:100,8415.03,-88055.574,1947
55,77,Cs,2+,,5.599e+05,6.480 d,EC+B+:98.13 B-:1.87,8405.59,-87152.693,1953
55,78,Cs,7/2+,100,STABLE,stable,,8409.98,-88070.943,1921
55,79,Cs,4+,,6.517e+07,2.0652 Y,B-:99.9997 EC:0.0003,8398.65,-86891.165,1940
55,80,Cs,7/2+,,7.258e+13,2.3E+6 Y,B-:100,8401.34,-87581.956,1949
55,81,Cs,5+,,1.124e+06,13.01 d,B-:100,8389.77,-86338.855,1951
55,82,Cs,7/2+,,9.492e+08,30.08 Y,B-:100,8388.96,-86545.772,1951
55,83,Cs,3-,,1950,32.5 m,B-:100,8360.14,-82887.028,1943
55,84,Cs,7/2+,,556.2,9.27 m,B-:100,8342.34,-80701.088,1939
55,85,Cs,1-,,63.7,63.7 s,B-:100,8314.32,-77049.738,1950
55,86,Cs,7/2+,,24.84,24.84 s,B-:100 B-N:0.035,8294.36,-74477.351,1962
55,87,Cs,0-,,1.684,1.684 s,B-:100 B-N:0.09,8264.88,-70514.556,1962
55,88,Cs,3/2+,,1.791,1.791 s,B-:100 B-N:1.64,8243.67,-67675.519,1962
55,89,Cs,1(-),,0.994,0.994 s,B-:100 B-N:3.03,8211.89,-63271.362,1967
55,90,Cs,3/2+,,0.587,0.587 s,B-:100 B-N:14.7,8188.73,-60054.424,1971
55,91,Cs,1-,,0.322,0.3220 s,B-:100 B-N:14.2,8155.44,-55310.38,1971
55,92,Cs,(3/2+),,0.2295,0.2295 s,B-:100 B-N:28.5,8131.8,-51920.073,1978
55,93,Cs,,,0.146,146 ms,B-:100 B-N:25.1,8097.55,-46910.95,1978
55,94,Cs,,,0.107,107 ms,B-:100 B-N:25,8073,-43300,1979
55,95,Cs,,,0.084,84 ms,B-:100 B-N:20,8039,-38170,1979
55,96,Cs,,,0.069,69 ms,B-:100 B-N,8013,-34280,1979
55,97,Cs,,,0.05,50 ms,B-:100 B-N B-2N,7980,-29130,1987
56,58,Ba,0+,,0.43,0.43 s,EC+B+:99.1 ECP:20 A:0.9,8089.69,-45905.437,1995
56,59,Ba,(5/2+),,0.45,0.45 s,EC+B+:100 B+P:15,8116,-48920,1997
56,60,Ba,0+,,1.3,1.3 s,EC+B+:100 B+P:3,8162,-54380,1997
56,61,Ba,(3/2),,1.75,1.75 s,EC+B+:100 B+P:0 B+A:0,8187.95,-57457.906,1977
56,62,Ba,0+,,5.5,5.5 s,EC+B+:100 ECP,8227,-62200,1997
56,63,Ba,(5/2+),,5.4,5.4 s,EC+B+:100 ECP:25,8245.93,-64590.096,1974
56,64,Ba,0+,,24,24 s,EC+B+:100,8280.29,-68888.649,1974
56,65,Ba,5/2(+),,29.7,29.7 s,EC+B+:100,8293.91,-70744.847,1975
56,66,Ba,0+,,117,1.95 m,EC+B+:100,8323.76,-74608.952,1974
56,67,Ba,5/2(+),,144,2.4 m,EC+B+:100,8330.21,-75654.963,1962
56,68,Ba,0+,,660,11.0 m,EC+B+:100,8355.82,-79089.786,1967
56,69,Ba,1/2(+),,198,3.3 m,EC+B+:100,8358.18,-79668.976,1968
56,70,Ba,0+,,6000,100 m,EC+B+:100,8379.72,-82669.913,1954
56,71,Ba,1/2+,,762,12.7 m,EC+B+:100,8378.46,-82817.955,1952
56,72,Ba,0+,,2.1e+05,2.43 d,EC:100,8395.99,-85369.156,1950
56,73,Ba,1/2+,,8028,2.23 h,EC+B+:100,8391.08,-85060.866,1950
56,74,Ba,0+,0.11,STABLE,stable,,8405.51,-87256.776,1936
56,75,Ba,1/2+,,9.936e+05,11.50 d,EC+B+:100,8398.55,-86678.958,1947
56,76,Ba,0+,0.1,9.467e+28,3.0E+21 Y,2B+,8409.37,-88434.903,1936
56,77,Ba,1/2+,,3.33e+08,10.551 Y,EC:100,8400.21,-87553.512,1941
56,78,Ba,0+,2.42,STABLE,stable,,8408.17,-88950.002,1936
56,79,Ba,3/2+,6.59,STABLE,stable,,8397.53,-87850.655,1932
56,80,Ba,0+,7.85,STABLE,stable,,8402.76,-88887.079,1932
56,81,Ba,3/2+,11.23,STABLE,stable,,8391.83,-87721.401,1932
56,82,Ba,0+,71.7,STABLE,stable,,8393.42,-88261.806,1925
56,83,Ba,7/2-,,4976,82.93 m,B-:100,8367.02,-84913.918,1937
56,84,Ba,0+,,1.102e+06,12.751 d,B-:100,8353.15,-83267.905,1939
56,85,Ba,3/2-,,1096,18.27 m,B-:100,8326.08,-79732.492,1945
56,86,Ba,0+,,636,10.6 m,B-:100,8310.97,-77842.257,1959
56,87,Ba,5/2-,,14.5,14.5 s,B-:100,8281.99,-73937.205,1962
56,88,Ba,0+,,11.5,11.5 s,B-:100,8265.45,-71767.13,1967
56,89,Ba,5/2-,,4.31,4.31 s,B-:100,8234.8,-67516.183,1974
56,90,Ba,0+,,2.21,2.21 s,B-:100,8215.53,-64866.269,1970
56,91,Ba,(5/2-),,0.894,0.894 s,B-:100 B-N:0.06,8183.24,-60264.036,1978
56,92,Ba,0+,,0.612,0.612 s,B-:100 B-N:0.4,8164.11,-57544.911,1979
56,93,Ba,(5/2- 3/2-),,0.352,352 ms,B-:100 B-N:2.2,8131.85,-52830.62,1993
56,94,Ba,0+,,0.259,0.259 s,B-:100 B-N,8111.84,-49889.799,1994
56,95,Ba,,,0.167,0.167 s,B-:100 B-N,8079,-44940,1994
56,96,Ba,0+,,0.139,0.139 s,B-:100 B-N,8057,-41610,2010
56,97,Ba,,,0.116,0.116 s,B-:100 B-N,8023,-36470,2016
56,98,Ba,0+,,0.053,53 ms,B-:100 B-N,8001,-32920,2017
57,60,La,(3/2+ 3/2-),,0.0235,23.5 ms,P:93.9 EC+B+:6.1,8086,-46271,2001
57,63,La,,,2.8,2.8 s,EC+B+:100 ECP:0,8179,-57570,1984
57,64,La,,,5.3,5.3 s,EC+B+:100,8217,-62190,1988
57,65,La,,,8.6,8.6 s,EC+B+:100 ECP,8235,-64543,1984
57,66,La,,,16.3,16.3 s,EC+B+:100,8267,-68651,1978
57,67,La,,,21,21 s,EC+B+:100,8278.29,-70258.617,1978
57,68,La,(3/2+),,64.8,64.8 s,EC+B+:100,8304.64,-73759.492,1973
57,69,La,(4 5),,54,54 s,EC+B+:0,8312.43,-74973.476,1961
57,70,La,(11/2-),,306,5.1 m,EC+B+:100,8333.54,-77896.116,1963
57,71,La,(5+),,310.8,5.18 m,EC:100,8337.19,-78625.439,1961
57,72,La,(3/2+),,696,11.6 m,EC+B+:100,8356.04,-81323.541,1963
57,73,La,3(+),,522,8.7 m,EC+B+:100,8356.19,-81627.374,1961
57,74,La,3/2+,,3540,59 m,EC+B+:100,8370.37,-83769.265,1951
57,75,La,2-,,1.728e+04,4.8 h,EC+B+:100,8367.76,-83723.578,1951
57,76,La,5/2+,,1.408e+04,3.912 h,EC+B+:100,8378.84,-85494.392,1950
57,77,La,1+,,387,6.45 m,EC+B+:100,8374.49,-85218.659,1951
57,78,La,5/2+,,7.02e+04,19.5 h,EC+B+:100,8382.8,-86643.458,1948
57,79,La,1+,,592.2,9.87 m,EC+B+:100,8376.05,-86037.488,1950
57,80,La,7/2+,,1.893e+12,6E+4 Y,EC:100,8381.88,-87140.865,1948
57,81,La,5+,0.08881,3.25e+18,1.03E+11 Y,EC+B+:65.5 B-:34.5,8375.08,-86513.408,1947
57,82,La,7/2+,99.9112,STABLE,stable,,8378,-87222.381,1924
57,83,La,3-,,1.45e+05,1.67858 d,B-:100,8355.02,-84312.059,1935
57,84,La,7/2(+),,1.411e+04,3.92 h,B-:100,8343.2,-82929.844,1951
57,85,La,2-,,5466,91.1 m,B-:100,8320.83,-80023.95,1953
57,86,La,(7/2)+,,852,14.2 m,B-:100,8306.13,-78171.467,1951
57,87,La,(3-),,40.8,40.8 s,B-:100,8281.43,-74849.66,1967
57,88,La,(5/2+),,24.8,24.8 s,B-:100,8266.09,-72835.325,1974
57,89,La,(2-),,6.1,6.1 s,B-:100 B-N:0.007,8240,-69221.174,1970
57,90,La,(5/2+),,4.06,4.06 s,B-:100 B-N:0.041,8221.55,-66678.397,1979
57,91,La,(2-),,1.26,1.26 s,B-:100 B-N:0.15,8193.72,-62708.742,1969
57,92,La,(3/2),,1.091,1.091 s,B-:100 B-N:1.41,8176.19,-60219.921,1979
57,93,La,(3+),,0.59,0.59 s,B-:100 B-N:2.7,8149.43,-56311.147,1993
57,94,La,(1/2+),,0.457,0.457 s,B-:100 B-N,8129.04,-53310.339,1994
57,95,La,(2-),,0.298,0.298 s,B-:100 B-N,8102,-49290,1994
57,96,La,,,0.245,0.245 s,B-:100 B-N,8081,-46060,1994
57,97,La,(2-),,0.161,0.161 s,B-:100 B-N,8051,-41530,2017
57,98,La,,,0.101,101 ms,B-:100 B-N,8028,-37930,2016
57,99,La,(4+),,0.084,84 ms,B-:100 B-N,7997,-33050,2017
57,100,La,,,,,B-:100 B-N B-2N,7972,-29070,2018
58,63,Ce,(5/2),,1.1,1.1 s,EC+B+:100 ECP:1,8132,-52690,1997
58,64,Ce,0+,,,,EC+B+ ECP,8174,-57874,2005
58,65,Ce,(5/2),,3.8,3.8 s,EC+B+:100 ECP:0,8193,-60286,1984
58,66,Ce,0+,,6,6 s,EC+B+:100,8229,-64916,1978
58,67,Ce,(7/2-),,9.7,9.7 s,EC+B+:100 B+P,8242,-66658,1978
58,68,Ce,0+,,51,51.0 s,EC+B+:100,8273.26,-70820.565,1978
58,69,Ce,(1/2+),,34,34 s,EC+B+:100,8280.79,-71979.344,1978
58,70,Ce,0+,,235.8,3.93 m,EC+B+:100,8306.93,-75533.925,1968
58,71,Ce,(5/2+),,210,3.5 m,EC+B+:100,8310.94,-76287.504,1977
58,72,Ce,0+,,1374,22.9 m,EC+B+:100,8333.22,-79422.913,1965
58,73,Ce,7/2+,,618,10.3 m,EC+B+:100 B+:11,8333.4,-79708.448,1966
58,74,Ce,0+,,1.264e+04,3.51 h,EC+B+:100,8352.32,-82468.688,1960
58,75,Ce,1/2+,,5820,97 m,EC+B+:100,8349.83,-82418.223,1951
58,76,Ce,0+,,2.73e+05,3.16 d,EC:100,8365.77,-84832.898,1951
58,77,Ce,1/2(+),,6.372e+04,17.7 h,EC+B+:100,8361.99,-84616.308,1948
58,78,Ce,0+,0.186,STABLE,stable,2EC,8373.76,-86508.55,1936
58,79,Ce,3/2+,,3.24e+04,9.0 h,EC+B+:100,8367.25,-85918.765,1948
58,80,Ce,0+,0.251,1.389e+24,4.4E+16 Y,2EC:100,8377.04,-87565.867,1936
58,81,Ce,3/2+,,1.189e+07,137.63 d,EC:100,8370.47,-86957.741,1948
58,82,Ce,0+,88.449,STABLE,stable,,8376.3,-88074.227,1925
58,83,Ce,7/2-,,2.808e+06,32.504 d,B-:100,8355.4,-85431.058,1948
58,84,Ce,0+,11.114,1.578e+24,5E+16 Y,,8347.07,-84532.896,1925
58,85,Ce,3/2-,,1.189e+05,33.039 h,B-:100,8324.68,-81606.378,1948
58,86,Ce,0+,,2.462e+07,284.91 d,B-:100,8314.76,-80431.942,1945
58,87,Ce,(5/2-),,180.6,3.01 m,B-:100,8289.88,-77067.059,1954
58,88,Ce,0+,,809.4,13.49 m,B-:100,8278.51,-75625.868,1953
58,89,Ce,(5/2-),,56.4,56.4 s,B-:100,8252.53,-72013.902,1964
58,90,Ce,0+,,56.8,56.8 s,B-:100,8240.39,-70398.424,1964
58,91,Ce,(3/2-),,5.12,5.12 s,B-:100,8214.23,-66669.921,1974
58,92,Ce,0+,,4,4.0 s,B-:100,8201.12,-64846.863,1970
58,93,Ce,(5/2+),,1.76,1.76 s,B-:100,8176.28,-61225.058,1997
58,94,Ce,0+,,1.4,1.4 s,B-:100,8161,-58980,1990
58,95,Ce,,,0.865,0.865 s,B-:100 B-N,8134,-54910,1994
58,96,Ce,0+,,0.722,0.722 s,B-:100 B-N,8116,-52220,1994
58,97,Ce,,,0.313,313 ms,B-:100 B-N,8087,-47780,1994
58,98,Ce,0+,,0.233,0.233 s,B-:100 B-N,8068,-44820,2017
58,99,Ce,(7/2+),,0.18,0.18 s,B-:100 B-N,8037,-39930,2017
58,100,Ce,0+,,0.099,99 ms,B-:100 B-N,8015,-36540,2016
59,62,Pr,(3/2),,0.01,10 ms,P:100,8033,-41551,2005
59,65,Pr,,,1.2,1.2 s,EC+B+:100 ECP:0,8128,-53151,1986
59,66,Pr,,,3.3,3.3 s,EC+B+:100 B+P,8167,-58070,2002
59,67,Pr,GE 4,,3.14,3.14 s,EC+B+:100 ECP,8184,-60324,1983
59,68,Pr,,,4.2,4.2 s,EC+B+:100,8216,-64543,1995
59,69,Pr,4 5 6,,2.84,2.84 s,EC+B+:100,8228.91,-66330.764,1985
59,70,Pr,(3/2+),,30,30 s,EC+B+:100,8254.38,-69773.566,1977
59,71,Pr,(5+),,40,40.0 s,EC+B+:100,8263.76,-71175.464,1977
59,72,Pr,(3/2+),,90.6,1.51 m,EC+B+:100,8286.14,-74300.664,1977
59,73,Pr,(2)+,,96,1.6 m,EC+B+:100,8291.54,-75227.464,1974
59,74,Pr,(3/2+),,390,6.5 m,EC+B+:100,8310.26,-77937.591,1970
59,75,Pr,2-,,1020,17 m,EC+B+:100,8312.88,-78528,1967
59,76,Pr,3/2(+),,1440,24 m,EC+B+:100,8328.93,-80935.872,1954
59,77,Pr,2+,,786,13.1 m,EC+B+:100,8330.01,-81340.421,1968
59,78,Pr,5/2+,,4608,1.28 h,EC+B+:100,8341.71,-83201.814,1958
59,79,Pr,1+,,87,1.45 m,EC+B+:100,8339.22,-83128.867,1951
59,80,Pr,5/2+,,1.588e+04,4.41 h,EC+B+:100,8349.52,-84828.652,1951
59,81,Pr,1+,,203.4,3.39 m,EC+B+:100,8346.52,-84686.227,1938
59,82,Pr,5/2+,100,STABLE,stable,,8353.99,-86014.533,1924
59,83,Pr,2-,,6.883e+04,19.12 h,B-:99.9836 EC:0.0164,8336.3,-83786.367,1935
59,84,Pr,7/2+,,1.172e+06,13.57 d,B-:100,8329.43,-83068.2,1948
59,85,Pr,0-,,1037,17.28 m,B-:100,8311.54,-80750.588,1951
59,86,Pr,7/2+,,2.154e+04,5.984 h,B-:100,8302.13,-79625.99,1954
59,87,Pr,(2-),,1445,24.09 m,B-:100,8280.33,-76673.486,1953
59,88,Pr,(3/2+),,806.4,13.44 m,B-:100,8270.54,-75444.093,1964
59,89,Pr,1-,,137.4,2.29 m,B-:100,8249.54,-72535.452,1964
59,90,Pr,(5/2+),,135.6,2.26 m,B-:100,8238.3,-71039.373,1964
59,91,Pr,(1-),,6.19,6.19 s,B-:100,8218.93,-68300.509,1970
59,92,Pr,(3/2-),,18.9,18.90 s,B-:100,8207.88,-66779.681,1990
59,93,Pr,(4+),,3.57,3.57 s,B-:100,8187.1,-63758.07,1983
59,94,Pr,,,4.29,4.29 s,B-:100 B-N,8172.04,-61568.49,1987
59,95,Pr,(3+),,2.3,2.3 s,B-:100,8147.3,-57859.602,1988
59,96,Pr,,,1.47,1.47 s,B-:100 B-N,8131.04,-55415.335,1992
59,97,Pr,(1+),,0.444,0.444 s,B-:100 B-N,8105.23,-51449.307,1992
59,98,Pr,(3/2-),,0.295,0.295 s,B-:100 B-N,8085.82,-48434.806,2017
59,99,Pr,(5-),,0.181,0.181 s,B-:100 B-N,8059,-44150,2016
59,100,Pr,(3/2-),,0.13,0.13 s,B-:100 B-N,8037,-40770,2017
59,101,Pr,,,0.17,0.17 s,B-:100 B-N,8009,-36200,2017
59,102,Pr,,,,,B-:100 B-N,7986,-32490,2018
60,65,Nd,(5/2),,0.65,0.65 s,EC+B+:100 ECP:0,8080,-48070,1999
60,66,Nd,0+,,,,EC+B+ ECP,8122,-53380,2000
60,67,Nd,,,1.8,1.8 s,EC+B+:100 ECP,8142,-55910,1983
60,68,Nd,0+,,5,5 s,EC+B+:100 ECP,8177,-60530,1985
60,69,Nd,(5/2+),,6.7,6.7 s,EC+B+:100 ECP:0,8191,-62375,1977
60,70,Nd,0+,,13,13 s,EC+B+:100,8222.51,-66596.239,1977
60,71,Nd,(5/2+),,25.4,25.4 s,EC+B+:100 ECP:0,8230.3,-67768.04,1977
60,72,Nd,0+,,94,94 s,EC+B+:100,8256.81,-71425.815,1977
60,73,Nd,(7/2+),,70,70 s,EC+B+:100,8262.23,-72332.38,1977
60,74,Nd,0+,,510,8.5 m,EC+B+:100,8285.54,-75646.443,1970
60,75,Nd,9/2(-),,744,12.4 m,EC+B+:100,8288.15,-76213.62,1970
60,76,Nd,0+,,3039,50.65 m,EC+B+:100,8308.51,-79199.297,1968
60,77,Nd,1/2+,,2310,38.5 m,EC+B+:100,8309.59,-79583.969,1970
60,78,Nd,0+,,1.814e+04,5.04 h,EC+B+:100,8325.49,-82017.182,1965
60,79,Nd,3/2+,,1782,29.7 m,EC+B+:100,8323.66,-82016.93,1951
60,80,Nd,0+,,2.912e+05,3.37 d,EC:100,8337.86,-84257.246,1949
60,81,Nd,3/2+,,8964,2.49 h,EC+B+:100,8335.51,-84191.52,1949
60,82,Nd,0+,27.153,STABLE,stable,,8346.03,-85950.055,1924
60,83,Nd,7/2-,12.173,STABLE,stable,,8330.49,-84002.31,1933
60,84,Nd,0+,23.798,7.227e+22,2.29E+15 Y,A:100,8326.92,-83748.028,1924
60,85,Nd,7/2-,8.293,STABLE,stable,,8309.19,-81432.004,1933
60,86,Nd,0+,17.189,STABLE,stable,,8304.09,-80925.916,1924
60,87,Nd,5/2-,,9.53e+05,11.03 d,B-:100,8283.6,-78146.794,1947
60,88,Nd,0+,5.756,STABLE,stable,2B-,8277.18,-77408.066,1937
60,89,Nd,5/2-,,6214,1.726 h,B-:100,8255.44,-74375.535,1938
60,90,Nd,0+,5.638,2.872e+26,0.91E19 Y,2B-:100,8249.58,-73679.951,1937
60,91,Nd,3/2+,,746.4,12.44 m,B-:100,8230.27,-70943.183,1938
60,92,Nd,0+,,684,11.4 m,B-:100,8224.01,-70149.663,1969
60,93,Nd,(3/2)-,,31.6,31.6 s,B-:100,8204.58,-67330.38,1987
60,94,Nd,0+,,25.9,25.9 s,B-:100,8192.35,-65579.602,1970
60,95,Nd,(3/2-),,8.9,8.9 s,B-:100,8170.31,-62283.796,1986
60,96,Nd,0+,,5.26,5.26 s,B-:100,8156.33,-60202.13,1987
60,97,Nd,(5/2-),,1.15,1.15 s,B-:100,8132.17,-56494.117,1992
60,98,Nd,0+,,0.82,0.820 s,B-:100 B-N,8114.95,-53835.123,1992
60,99,Nd,(7/2+),,0.485,0.485 s,B-:100 B-N,8088.82,-49724.007,2012
60,100,Nd,0+,,0.439,439 ms,B-:100 B-N,8069.97,-46724.515,1985
60,101,Nd,(1/2-),,0.22,0.22 s,B-:100 B-N,8042,-42230,2012
60,102,Nd,0+,,0.31,0.31 s,B-:100 B-N,8022,-39010,2012
60,103,Nd,,,,,B-:100 B-N,7992,-34080,2018
61,67,Pm,5 6 7,,1,1.0 s,EC:100 ECP A,8075,-48220,1999
61,68,Pm,(5/2-),,2.4,2.4 s,EC+B+:100 P ECP,8114,-53180,2004
61,69,Pm,(4 5 6),,2.6,2.6 s,EC+B+:100 ECP,8131,-55470,1985
61,70,Pm,(11/2-),,6.3,6.3 s,EC+B+:100,8163,-59770,1998
61,71,Pm,(3+),,6.2,6.2 s,EC+B+:100 ECP:0.00005,8177,-61628,1977
61,72,Pm,(3/2+),,13.5,13.5 s,EC+B+:100,8204.28,-65407.653,1977
61,73,Pm,(2+),,5,5 s,EC+B+:100,8213.41,-66763.908,1977
61,74,Pm,(3/2+ 5/2+),,49,49 s,EC+B+:100,8236.79,-70062.329,1975
61,75,Pm,(2),,300,300 s,EC+B+:100,8243.72,-71169.923,1988
61,76,Pm,11/2-,,144,2.4 m,EC+B+:100,8263.65,-74072.858,1975
61,77,Pm,(1+),,10,10 s,EC+B+:100,8268.36,-74914.37,1973
61,78,Pm,(5/2)+,,249,4.15 m,EC+B+:100,8285.55,-77501.028,1967
61,79,Pm,1+,,9.2,9.2 s,EC+B+:100,8289.1,-78212.046,1966
61,80,Pm,5/2+,,1254,20.90 m,EC+B+:100,8303.94,-80522.932,1952
61,81,Pm,1+,,40.5,40.5 s,EC+B+:100,8306.66,-81141.536,1959
61,82,Pm,5/2+,,2.29e+07,265 d,EC+B+:100 B+:0.0000057,8317.73,-82960.664,1952
61,83,Pm,5-,,3.136e+07,363 d,EC+B+:100,8305.3,-81416.116,1952
61,84,Pm,5/2+,,5.586e+08,17.7 Y,EC:100 A:0.00000028,8302.66,-81267.506,1951
61,85,Pm,3-,,1.745e+08,5.53 Y,EC:65.7 B-:34.3,8288.66,-79454.36,1960
61,86,Pm,7/2+,,8.279e+07,2.6234 Y,B-:100,8284.37,-79041.984,1947
61,87,Pm,1-,,4.638e+05,5.368 d,B-:100,8268.23,-76865.877,1947
61,88,Pm,7/2+,,1.911e+05,53.08 h,B-:100,8261.53,-76064.404,1947
61,89,Pm,(1-),,9713,2.698 h,B-:100,8243.81,-73597.336,1952
61,90,Pm,5/2+,,1.022e+05,28.40 h,B-:100,8241.27,-73386.26,1952
61,91,Pm,1+,,247.2,4.12 m,B-:100,8226.13,-71254.468,1958
61,92,Pm,5/2-,,315,5.25 m,B-:100,8221.15,-70648.003,1962
61,93,Pm,(3 4),,160.8,2.68 m,B-:100,8204.72,-68266.602,1958
61,94,Pm,5/2-,,41.5,41.5 s,B-:100,8195.3,-66940.006,1982
61,95,Pm,4(+),,26.7,26.70 s,B-:100,8176.73,-64166.847,1986
61,96,Pm,(5/2-),,10.56,10.56 s,B-:100,8164.15,-62297.116,1987
61,97,Pm,,,4.8,4.8 s,B-:100,8143.36,-59106.143,1987
61,98,Pm,,,1.5,1.5 s,B-:100,8126.86,-56554.351,1998
61,99,Pm,,,0.725,725 ms,B-:100 B-N,8103.64,-52894.639,2012
61,100,Pm,(5/2-),,1.05,1.05 s,B-:100 B-N,8086,-50086.589,2012
61,101,Pm,(2+),,0.63,0.63 s,B-:100 B-N,8061,-46040,2012
61,102,Pm,(5/2-),,0.43,0.43 s,B-:100 B-N,8042,-42960,2012
61,103,Pm,,,,,B-:100 B-N,8014,-38360,2018
61,104,Pm,,,,,B-:100 B-N,7992,-34670,2018
62,67,Sm,(1/2+ 3/2+),,0.55,0.55 s,EC+B+:100 ECP:0,8023,-42330,1999
62,68,Sm,0+,,,,EC+B+,8065,-47700,1999
62,69,Sm,,,1.2,1.2 s,EC+B+:100 ECP:0,8085,-50280,1986
62,70,Sm,0+,,4,4.0 s,EC+B+:100 ECP,8122,-55140,1989
62,71,Sm,(5/2+),,2.89,2.89 s,EC+B+:100 ECP:0,8137,-57231,1977
62,72,Sm,0+,,9.5,9.5 s,EC+B+:100,8167,-61376,1977
62,73,Sm,(3/2+ 5/2+),,10.3,10.3 s,EC+B+:100 ECP:0.02,8177.63,-62857.222,1977
62,74,Sm,0+,,47,47 s,EC+B+:100,8205.92,-66810.899,1982
62,75,Sm,(9/2-),,45,45 s,EC+B+:100,8213.55,-67991.655,1986
62,76,Sm,0+,,186,3.1 m,EC+B+:100,8237.93,-71497.772,1982
62,77,Sm,1/2+,,154.2,2.57 m,EC+B+:100,8243.08,-72380.229,1971
62,78,Sm,0+,,889.2,14.82 m,EC+B+:100,8263.82,-75455.945,1967
62,79,Sm,1/2+,,612,10.2 m,EC+B+:100,8265.85,-75933.959,1967
62,80,Sm,0+,,4349,72.49 m,EC+B+:100,8285.94,-78981.93,1959
62,81,Sm,3/2+,,525,8.75 m,EC+B+:100,8288.18,-79517.135,1956
62,82,Sm,0+,3.08,STABLE,stable,,8303.68,-81965.626,1933
62,83,Sm,7/2-,,2.938e+07,340 d,EC:100,8293.01,-80651.407,1947
62,84,Sm,0+,,2.146e+15,6.8E+7 Y,A:100,8293.86,-80996.36,1953
62,85,Sm,7/2-,15,3.386e+18,1.073E11 Y,A:100,8280.57,-79266.048,1933
62,86,Sm,0+,11.25,2.209e+23,7E+15 Y,A:100,8279.63,-79336.067,1933
62,87,Sm,7/2-,13.82,STABLE,stable,,8263.47,-77135.898,1933
62,88,Sm,0+,7.37,STABLE,stable,,8261.62,-77051.336,1934
62,89,Sm,5/2-,,2.84e+09,90 Y,B-:100,8243.97,-74576.48,1947
62,90,Sm,0+,26.74,STABLE,stable,,8244.06,-74762.977,1933
62,91,Sm,3/2+,,1.666e+05,46.284 h,B-:100,8228.54,-72560.059,1938
62,92,Sm,0+,22.74,STABLE,stable,,8226.84,-72455.564,1933
62,93,Sm,3/2-,,1331,22.18 m,B-:100,8211.23,-70191.206,1951
62,94,Sm,0+,,3.384e+04,9.4 h,B-:100,8205.01,-69360.735,1951
62,95,Sm,(3/2-),,481.8,8.03 m,B-:100,8187.06,-66677.654,1973
62,96,Sm,0+,,318,5.30 m,B-:100,8177.31,-65251.849,1970
62,97,Sm,5/2-,,11.37,11.37 s,B-:100,8157.5,-62207.849,1986
62,98,Sm,0+,,9.6,9.6 s,B-:100,8144.62,-60233.172,1986
62,99,Sm,,,4.8,4.8 s,B-:100,8122.04,-56672.043,1998
62,100,Sm,0+,,2.4,2.4 s,B-:100,8107.57,-54379.053,2005
62,101,Sm,(1/2-),,1.23,1.23 s,B-:100 B-N,8084.17,-50599.612,2012
62,102,Sm,0+,,1.43,1.43 s,B-:100 B-N,8067.78,-47925.314,2012
62,103,Sm,(5/2-),,0.98,0.98 s,B-:100 B-N,8041,-43510,2012
62,104,Sm,0+,,0.8,0.80 s,B-:100 B-N,8023,-40450,2017
62,105,Sm,,,,,B-:100 B-N,7992,-35330,2018
62,106,Sm,0+,,,,B-:100 B-N,7971,-31640,2018
63,67,Eu,(1+),,0.0009,0.90 ms,P:100,7950,-33513,2004
63,68,Eu,3/2+,,0.0178,17.8 ms,P:89 EC+B+:11,7996,-39464,1998
63,69,Eu,,,,,P:0 EC+B+,8018,-42200,
63,71,Eu,,,0.5,0.5 s,EC+B+:100 ECP:0,8075,-49800,1989
63,72,Eu,,,1.5,1.5 s,EC+B+:100 ECP,8107,-54148,1989
63,73,Eu,(7+),,3.3,3.3 s,EC+B+:100 B+P:0.09,8122,-56244,1987
63,74,Eu,(11/2-),,11,11 s,EC+B+:100,8150.57,-60145.904,1982
63,75,Eu,(6-),,12.1,12.1 s,EC+B+:100,8161.62,-61749.676,1982
63,76,Eu,(11/2)-,,17.9,17.9 s,EC+B+:100,8187.22,-65398.051,1975
63,77,Eu,1+,,1.51,1.51 s,EC+B+:100,8197.73,-66985.945,1982
63,78,Eu,5/2+,,40.7,40.7 s,EC+B+:100,8217.69,-69925.647,1977
63,79,Eu,1+,,2.34,2.34 s,EC+B+:100,8226.4,-71308.93,1966
63,80,Eu,5/2+,,155.4,2.59 m,EC+B+:100,8245.82,-74241.311,1965
63,81,Eu,1+,,10.2,10.2 s,EC+B+:100,8254.17,-75619.175,1965
63,82,Eu,5/2+,,5.124e+05,5.93 d,EC+B+:100,8269.27,-77991.524,1951
63,83,Eu,4-,,3.983e+05,4.61 d,EC+B+:100,8261.93,-77117.603,1957
63,84,Eu,5/2+,,2.082e+06,24.1 d,EC:99.9978 A:0.0022,8263.54,-77544.611,1951
63,85,Eu,5-,,4.709e+06,54.5 d,EC+B+:100 A:0.00000094,8253.82,-76297.482,1951
63,86,Eu,5/2+,,8.044e+06,93.1 d,EC:100,8253.56,-76441.317,1959
63,87,Eu,5-,,1.164e+09,36.9 Y,EC+B+:100,8241.35,-74792.369,1950
63,88,Eu,5/2+,47.81,5.365e+25,1.7E+18 Y,A,8239.3,-74653.098,1933
63,89,Eu,3-,,4.266e+08,13.517 Y,EC+B+:72.08 B-:27.92,8226.59,-72888.5,1938
63,90,Eu,5/2+,52.19,STABLE,stable,,8228.7,-73367.466,1933
63,91,Eu,3-,,2.714e+08,8.601 Y,B-:99.982 EC+B+:0.018,8217.1,-71738.367,1947
63,92,Eu,5/2+,,1.5e+08,4.753 Y,B-:100,8216.68,-71818.337,1947
63,93,Eu,0+,,1.312e+06,15.19 d,B-:100,8204.62,-70082.844,1947
63,94,Eu,5/2+,,5.465e+04,15.18 h,B-:100,8199.8,-69459.134,1951
63,95,Eu,(1-),,2754,45.9 m,B-:100,8185.13,-67270.461,1951
63,96,Eu,5/2+,,1086,18.1 m,B-:100,8176.7,-66043.386,1961
63,97,Eu,(5-),,42.6,42.6 s,B-:100,8160.1,-63493.449,1973
63,98,Eu,,,26,26 s,B-:100,8148.98,-61791.601,1986
63,99,Eu,,,10.6,10.6 s,B-:100,8129.56,-58722.944,1987
63,100,Eu,,,7.7,7.7 s,B-:100,8116.02,-56573.819,2007
63,101,Eu,(3),,4.15,4.15 s,B-:100,8095.37,-53232.146,2007
63,102,Eu,,,2.3,2.3 s,B-:100,8080.05,-50729.103,2007
63,103,Eu,,,1.7,1.7 s,B-:100 B-N,8056,-46749,2007
63,104,Eu,(5/2+),,1.3,1.3 s,B-:100 B-N,8038,-43770,2012
63,105,Eu,(6-),,0.2,0.20 s,B-:100 B-N,8012,-39250,2012
63,106,Eu,,,,,B-:100 B-N,7991,-35660,2018
64,70,Gd,0+,,,,,8008,-41530,
64,71,Gd,(5/2+),,1.1,1.1 s,EC+B+:100 ECP:2,8028,-44250,1996
64,72,Gd,0+,,2e-07,200 ns,,8064,-49090,2000
64,73,Gd,(7/2),,2.2,2.2 s,EC+B+:100 ECP,8080,-51214,1999
64,74,Gd,0+,,4.7,4.7 s,EC+B+:100,8112,-55660,1985
64,75,Gd,(9/2-),,5.8,5.8 s,EC+B+:100 ECP:0,8126,-57632,1983
64,76,Gd,0+,,15.8,15.8 s,EC+B+:100,8154.98,-61782.278,1985
64,77,Gd,1/2+,,14,14 s,EC+B+:100 B+P:0.03,8164.61,-63224.231,1986
64,78,Gd,0+,,70.2,70.2 s,EC+B+:100,8190.26,-66959.522,1986
64,79,Gd,(1/2)+,,39,39 s,EC+B+:100,8198.32,-68231.311,1975
64,80,Gd,0+,,268.2,4.47 m,EC+B+:100,8221.94,-71759.511,1968
64,81,Gd,1/2+,,1380,23.0 m,EC+B+:100,8228.95,-72926.626,1959
64,82,Gd,0+,,4.171e+06,48.27 d,EC+B+:100,8249.51,-76085.823,1957
64,83,Gd,7/2-,,1.37e+05,38.06 h,EC+B+:100,8243.34,-75356.928,1957
64,84,Gd,0+,,2.244e+09,71.1 Y,A:100,8248.34,-76269.419,1953
64,85,Gd,7/2-,,8.018e+05,9.28 d,EC+B+:100 A:0.00043,8239.49,-75127.173,1951
64,86,Gd,0+,,5.649e+13,1.79E+6 Y,A:100,8242.61,-75764.051,1953
64,87,Gd,7/2-,,1.07e+07,123.9 d,EC:100 A:0.0000008,8231.04,-74188.92,1950
64,88,Gd,0+,0.2,3.408e+21,1.08E14 Y,A:100,8233.4,-74707.304,1938
64,89,Gd,3/2-,,2.077e+07,240.4 d,EC:100,8220.42,-72882.944,1947
64,90,Gd,0+,2.18,STABLE,stable,,8224.8,-73706.358,1938
64,91,Gd,3/2-,14.8,STABLE,stable,,8213.25,-72070.298,1933
64,92,Gd,0+,20.47,STABLE,stable,,8215.33,-72535.333,1933
64,93,Gd,3/2-,15.65,STABLE,stable,,8203.51,-70823.896,1933
64,94,Gd,0+,24.84,STABLE,stable,,8201.82,-70689.969,1933
64,95,Gd,3/2-,,6.652e+04,18.479 h,B-:100,8187.62,-68561.857,1949
64,96,Gd,0+,21.86,STABLE,stable,,8183.02,-67942.06,1933
64,97,Gd,5/2-,,219.6,3.66 m,B-:100,8167.19,-65506.142,1949
64,98,Gd,0+,,504,8.4 m,B-:100,8159.04,-64280.72,1967
64,99,Gd,(5/2- 7/2+),,68,68 s,B-:100,8140.76,-61388.591,1982
64,100,Gd,0+,,45,45 s,B-:100,8130,-59693.688,1988
64,101,Gd,,,10.3,10.3 s,B-:100,8110.44,-56525.782,1998
64,102,Gd,0+,,4.8,4.8 s,B-:100,8097.23,-54370.926,2005
64,103,Gd,(5/2-),,4.26,4.26 s,B-:100,8075.54,-50775.732,2012
64,104,Gd,0+,,3.03,3.03 s,B-:100,8060,-48150,1985
64,105,Gd,(7/2-),,0.75,0.75 s,B-:100 B-N,8035,-43890,2012
64,106,Gd,0+,,0.41,0.41 s,B-:100 B-N,8017,-40850,2012
64,107,Gd,,,,,B-:100 B-N,7990,-36210,2018
64,108,Gd,0+,,,,B-:100 B-N,7972,-32970,2018
65,70,Tb,(7/2-),,0.00094,0.94 ms,P:100 EC+B+,7939,-33053,2004
65,73,Tb,,,2e-07,200 ns,EC+B+:100,8019,-43600,1993
65,74,Tb,,,1.6,1.6 s,EC+B+:0 ECP P,8052,-48130,1999
65,75,Tb,(7+),,2.29,2.29 s,EC+B+:100 ECP:0.26,8068.67,-50482.278,1986
65,76,Tb,(5/2-),,3.5,3.5 s,EC+B+:100,8097.48,-54540.843,1986
65,77,Tb,1+,,0.597,597 ms,EC+B+:100 B+P:0.0022,8111.51,-56559.522,1991
65,78,Tb,(11/2-),,12,12 s,EC+B+:100,8138.22,-60419.192,1985
65,79,Tb,1+,,1,1 s,EC+B+:100,8151.29,-62368.188,1982
65,80,Tb,(3/2+),,,,,8178.54,-66399.693,1981
65,81,Tb,1+,,8,8 s,EC+B+:100,8187.15,-67763.644,1974
65,82,Tb,(1/2+),,5904,1.64 h,EC+B+:100,8206.62,-70742.674,1969
65,83,Tb,2-,,3600,60 m,EC+B+:100,8204.32,-70536.947,1960
65,84,Tb,1/2+,,1.483e+04,4.12 h,EC+B+:83.3 A:16.7,8209.82,-71488.639,1950
65,85,Tb,(2)-,,1.253e+04,3.48 h,EC+B+:100 A:0.05,8206.34,-71105.789,1959
65,86,Tb,1/2(+),,6.339e+04,17.609 h,EC+B+:99.9905 A:0.0095,8208.87,-71623.541,1953
65,87,Tb,2-,,6.3e+04,17.5 h,EC+B+:100 A:0.0000007,8202.01,-70717.304,1959
65,88,Tb,5/2+,,2.022e+05,2.34 d,EC+B+:100,8205.05,-71313.61,1957
65,89,Tb,0,,7.74e+04,21.5 h,EC+B+:100 B-:0.1,8196.67,-70156.707,1972
65,90,Tb,3/2+,,4.596e+05,5.32 d,EC:100,8202.92,-71250.439,1957
65,91,Tb,3-,,4.622e+05,5.35 d,EC+B+:100,8194.64,-70091.01,1950
65,92,Tb,3/2+,,2.241e+09,71 Y,EC:100,8198.14,-70763.848,1960
65,93,Tb,3-,,5.68e+09,180 Y,EC+B+:83.4 B-:16.6,8189.16,-69470.883,1957
65,94,Tb,3/2+,100,STABLE,stable,,8188.8,-69532.582,1933
65,95,Tb,3-,,6.247e+06,72.3 d,B-:100,8177.47,-67836.474,1943
65,96,Tb,3/2+,,5.953e+05,6.89 d,B-:100,8174.48,-67461.778,1949
65,97,Tb,1-,,456,7.60 m,B-:100,8164.08,-65879.548,1965
65,98,Tb,3/2+,,1170,19.5 m,B-:100,8155.63,-64595.754,1966
65,99,Tb,(5+),,180,3.0 m,B-:100,8139.93,-62104.983,1968
65,100,Tb,(3/2+),,126.6,2.11 m,B-:100,8130.33,-60588.849,1983
65,101,Tb,(2-),,25.1,25.1 s,B-:100,8113.22,-57808.778,1996
65,102,Tb,(3/2+),,19.4,19.4 s,B-:100,8101.44,-55883.082,1999
65,103,Tb,(4-),,8.2,8.2 s,B-:100,8082.8,-52781.181,1999
65,104,Tb,(3/2+),,5.1,5.1 s,B-:100 B-N,8069,-50480,2012
65,105,Tb,,,0.96,0.96 s,B-:100 B-N,8047,-46710,2012
65,106,Tb,,,1.24,1.24 s,B-:100 B-N,8030,-43770,2012
65,107,Tb,(6+),,0.76,0.76 s,B-:100 B-N,8006,-39690,2012
65,108,Tb,,,,,B-:100 B-N,7988,-36510,2018
65,109,Tb,,,,,B-:100 B-N,7963,-31970,2018
66,73,Dy,(7/2+),,0.6,0.6 s,EC+B+:100 ECP:11,7971,-37700,1999
66,74,Dy,0+,,,,EC+B+,8008,-42830,2002
66,75,Dy,(9/2-),,0.9,0.9 s,EC+B+:100 B+P,8027,-45382,1984
66,76,Dy,0+,,2.3,2.3 s,EC+B+:100 ECP:0.06,8061,-50120,1986
66,77,Dy,(1/2+),,5.6,5.6 s,EC+B+:100 ECP,8075.05,-52168.949,1983
66,78,Dy,0+,,9.1,9.1 s,EC+B+:100 ECP,8105.59,-56570.091,1986
66,79,Dy,(1/2+),,6,6 s,EC+B+:100 ECP:50,8116.89,-58242.607,1982
66,80,Dy,0+,,33.2,33.2 s,EC+B+:100,8146.11,-62554.928,1981
66,81,Dy,(1/2+),,67,67 s,EC+B+:100 B+P:0.05,8156.77,-64196.047,1975
66,82,Dy,0+,,198,3.3 m,EC+B+:100,8180.94,-67859.397,1974
66,83,Dy,7/2-,,252,4.2 m,EC+B+:100,8179.1,-67693.99,1958
66,84,Dy,0+,,430.2,7.17 m,EC+B+:64 A:36,8189.15,-69309.618,1959
66,85,Dy,7/2(-),,1074,17.9 m,EC+B+:94.4 A:5.6,8184.68,-68752.388,1959
66,86,Dy,0+,,8568,2.38 h,EC+B+:99.9 A:0.1,8192.92,-70117.963,1958
66,87,Dy,7/2(-),,2.304e+04,6.4 h,EC+B+:99.9906 A:0.0094,8185.75,-69143.197,1958
66,88,Dy,0+,,9.467e+13,3.0E+6 Y,A:100,8193.13,-70394.015,1961
66,89,Dy,3/2-,,3.564e+04,9.9 h,EC+B+:100,8184.36,-69155.939,1958
66,90,Dy,0+,0.056,STABLE,stable,2EC,8192.44,-70529.386,1948
66,91,Dy,3/2-,,2.93e+04,8.14 h,EC+B+:100,8184.63,-69424.669,1953
66,92,Dy,0+,0.095,STABLE,stable,,8190.13,-70407.152,1938
66,93,Dy,3/2-,,1.248e+07,144.4 d,EC:100,8181.58,-69167.22,1951
66,94,Dy,0+,2.329,STABLE,stable,,8184.05,-69672.425,1938
66,95,Dy,5/2+,18.889,STABLE,stable,A,8173.31,-68055.494,1934
66,96,Dy,0+,25.475,STABLE,stable,,8173.46,-68181.169,1934
66,97,Dy,5/2-,24.896,STABLE,stable,,8161.78,-66380.858,1934
66,98,Dy,0+,28.26,STABLE,stable,,8158.71,-65967.649,1934
66,99,Dy,7/2+,,8395,2.332 h,B-:100,8143.91,-63612.289,1935
66,100,Dy,0+,,2.938e+05,81.6 h,B-:100,8137.28,-62584.471,1949
66,101,Dy,(1/2-),,372,6.20 m,B-:100,8120.88,-59911.451,1960
66,102,Dy,0+,,522,8.7 m,B-:100,8112.53,-58558.398,1982
66,103,Dy,(5/2)-,,39,39 s,B-:100,8094.76,-55596.01,1990
66,104,Dy,0+,,55,55 s,B-:100,8084,-53710,2010
66,105,Dy,,,4.1,4.1 s,B-:100,8062,-50010,2012
66,106,Dy,0+,,1.6e-07,160 ns,B-,8049,-47760,2012
66,107,Dy,(9/2+),,1.43,1.43 s,B-:100,8026,-43740,2012
66,108,Dy,0+,,1.6e-07,160 ns,B-,8011,-41130,2012
66,109,Dy,,,,,B-:100 B-N,7986,-36730,2018
66,110,Dy,0+,,,,B-:100 B-N,7969,-33610,2018
67,73,Ho,(6- 0- 8+),,0.006,6 ms,P:100,7906,-29317,1999
67,74,Ho,(7/2-),,0.0041,4.1 ms,P:100,7943,-34364,1998
67,75,Ho,(7- 8+),,0.4,0.4 s,EC+B+:100 ECP:0 P:0,7965,-37250,2001
67,76,Ho,(11/2-),,,,EC+B+ ECP,7999,-42048,2000
67,77,Ho,(5-),,0.7,0.7 s,EC+B+:100 ECP,8017.1,-44609.521,1986
67,78,Ho,(11/2-),,2.4,2.4 s,EC+B+:100,8048.58,-49120.113,1987
67,79,Ho,(6-),,3.32,3.32 s,EC+B+:100 ECP,8063.24,-51238.227,1982
67,80,Ho,(11/2-),,5.8,5.8 s,EC+B+:100,8094.04,-55757.101,1982
67,81,Ho,(1+),,2.2,2.2 s,EC+B+:100,8108.98,-57991.166,1979
67,82,Ho,(11/2-),,21,21.0 s,EC+B+:100,8133.26,-61645.854,1979
67,83,Ho,(2)-,,72,72 s,EC+B+:100,8134.84,-61945.892,1963
67,84,Ho,(11/2-),,35.2,35.2 s,EC+B+:78 A:22,8145.53,-63622.746,1963
67,85,Ho,2-,,161.8,161.8 s,EC+B+:88 A:12,8144.92,-63604.636,1963
67,86,Ho,11/2-,,120.6,2.01 m,EC+B+:99.949 A:0.051,8153.64,-65012.074,1963
67,87,Ho,2-,,705.6,11.76 m,EC+B+:99.981 A:0.019,8150.68,-64639.378,1966
67,88,Ho,5/2+,,2880,48 m,EC+B+:100,8159.21,-66039.799,1959
67,89,Ho,4-,,3360,56 m,EC+B+:100,8155.43,-65538.403,1957
67,90,Ho,7/2-,,756,12.6 m,EC+B+:100,8163.14,-66832.862,1966
67,91,Ho,5+,,678,11.3 m,EC+B+:100,8158.47,-66187.396,1961
67,92,Ho,7/2-,,1983,33.05 m,EC+B+:100,8165.11,-67329.62,1958
67,93,Ho,5+,,1536,25.6 m,EC+B+:100,8158.6,-66382.425,1950
67,94,Ho,7/2-,,8928,2.48 h,EC:100,8163.11,-67196.294,1954
67,95,Ho,1+,,900,15.0 m,EC+B+:100,8155.41,-66040.563,1957
67,96,Ho,7/2-,,1.442e+11,4570 Y,EC:100,8156.97,-66378.027,1957
67,97,Ho,1+,,1728,28.8 m,EC+B+:60 B-:40,8147.92,-64980.517,1938
67,98,Ho,7/2-,100,STABLE,stable,,8146.96,-64898.017,1934
67,99,Ho,0-,,9.657e+04,26.824 h,B-:100,8135.49,-63070.339,1936
67,100,Ho,7/2-,,1.116e+04,3.1 h,B-:100,8130.37,-62279.459,1955
67,101,Ho,3+,,179.4,2.99 m,B-:100,8116.81,-60059.231,1960
67,102,Ho,7/2-,,283.2,4.72 m,B-:100,8109.06,-58796.01,1963
67,103,Ho,(6+),,165.6,2.76 m,B-:100,8093.79,-56237.514,1960
67,104,Ho,(7/2-),,53,53 s,B-:100,8083.6,-54517.822,1989
67,105,Ho,,,25,25 s,B-:100,8066,-51484,1991
67,106,Ho,(7/2-),,6.9,6.9 s,B-:100,8054,-49351,2012
67,107,Ho,(8-),,3.2,3.2 s,B-:100 B-N,8034,-45870,2012
67,108,Ho,(7/2-),,1.9,1.9 s,B-:100 B-N,8019,-43300,2012
67,109,Ho,,,1.6e-07,160 ns,B-N B-,7997,-39390,2012
67,110,Ho,(7/2-),,,,B-:100 B-N,7980,-36280,2018
67,111,Ho,,,,,B-:100 B-N,7957,-32130,2018
68,75,Er,,,,,,7917,-31160,2005
68,76,Er,0+,,2e-07,200 ns,EC+B+:100,7956,-36608,2003
68,77,Er,(1/2+),,,,,7975,-39240,1989
68,78,Er,0+,,1.7,1.7 s,EC+B+:100,8010.51,-44322.019,1993
68,79,Er,(1/2+),,3.2,3.2 s,EC+B+:100 B+P:0,8026.48,-46607.814,1992
68,80,Er,0+,,4.6,4.6 s,EC+B+:100 ECP:0.15,8059.69,-51478.997,1982
68,81,Er,(1/2+),,4,4 s,EC+B+:100 ECP:7,8074.96,-53741.621,1984
68,82,Er,0+,,18.5,18.5 s,EC+B+:100,8102.2,-57831.323,1982
68,83,Er,(7/2-),,23.5,23.5 s,EC+B+:100,8104.87,-58266.29,1970
68,84,Er,0+,,10.3,10.3 s,A:90 EC+B+:10,8119.35,-60500.218,1963
68,85,Er,(7/2-),,37.1,37.1 s,A:53 EC+B+:47,8118.82,-60466.682,1963
68,86,Er,0+,,223.8,3.73 m,EC+B+:99.53 A:0.47,8132.39,-62604.974,1963
68,87,Er,7/2-,,318,5.3 m,EC+B+:99.978 A:0.022,8129.44,-62209.172,1969
68,88,Er,0+,,1170,19.5 m,EC+B+:100 A:0.000017,8141.91,-64211.683,1967
68,89,Er,3/2-,,1119,18.65 m,EC+B+:100,8136.38,-63413.648,1966
68,90,Er,0+,,8244,2.29 h,EC:100,8147.93,-65303.815,1961
68,91,Er,3/2-,,2160,36 m,EC+B+:100,8142.77,-64561.12,1962
68,92,Er,0+,,1.029e+05,28.58 h,EC:100,8151.72,-66064.176,1954
68,93,Er,3/2-,,1.156e+04,3.21 h,EC+B+:100,8145.86,-65201.298,1954
68,94,Er,0+,0.139,STABLE,stable,,8152.4,-66334.21,1938
68,95,Er,5/2-,,4500,75.0 m,EC+B+:100,8144.74,-65167.413,1953
68,96,Er,0+,1.601,STABLE,stable,,8149.02,-65942.573,1938
68,97,Er,5/2-,,3.73e+04,10.36 h,EC:100,8139.93,-64521.353,1950
68,98,Er,0+,33.503,STABLE,stable,,8141.95,-64924.145,1934
68,99,Er,7/2+,22.869,STABLE,stable,,8131.74,-63289.256,1934
68,100,Er,0+,26.978,STABLE,stable,,8129.59,-62989.231,1934
68,101,Er,1/2-,,8.115e+05,9.392 d,B-:100,8117.01,-60921.163,1956
68,102,Er,0+,14.91,STABLE,stable,,8111.95,-60107.514,1934
68,103,Er,5/2-,,2.706e+04,7.516 h,B-:100,8097.74,-57717.822,1938
68,104,Er,0+,,1.775e+05,49.3 h,B-:100,8090.41,-56482.578,1956
68,105,Er,(7/2-),,84,1.4 m,B-:100,8074,-53654,1972
68,106,Er,0+,,192,3.2 m,B-:100,8064,-51949,1989
68,107,Er,(9/2+),,72,1.2 m,B-:100,8045,-48652,1996
68,108,Er,0+,,1.6e-07,160 ns,B-,8034,-46631,2012
68,109,Er,(1/2-),,,,B-:100,8013,-42858,2012
68,110,Er,0+,,1.6e-07,160 ns,B-,7999,-40260,2012
68,111,Er,,,,,B-:100,7976,-36080,2018
68,112,Er,0+,,,,B-:100 B-N,7960,-33180,2018
69,75,Tm,(10+),,1.9e-06,1.9 us,P:0,7850,-22159,2005
69,76,Tm,(11/2-),,3.17e-06,3.17 us,P:100,7889,-27583,1998
69,77,Tm,(5-),,0.068,68 ms,P EC+B+,7914,-31055,1993
69,78,Tm,11/2-,,0.58,0.58 s,EC+B+:85 P:15,7948.82,-35974.407,1982
69,79,Tm,(10+),,0.7,0.7 s,EC+B+:100,7968.5,-38765.034,1982
69,80,Tm,(11/2-),,0.9,0.9 s,EC+B+:100 ECP:0.2,8004,-43940,1987
69,81,Tm,(6-),,2.2,2.20 s,EC+B+:100 ECP:1.2,8021,-46491,1982
69,82,Tm,(11/2-),,4.17,4.17 s,EC+B+:100,8050.06,-50771.613,1982
69,83,Tm,(2)-,,8,8.0 s,EC+B+:100,8056.44,-51720.279,1980
69,84,Tm,(11/2-),,1.48,1.48 s,A:91 EC+B+:9,8071.26,-53972.61,1964
69,85,Tm,(2-),,8.1,8.1 s,A:54 EC+B+:46,8074.21,-54427.142,1964
69,86,Tm,11/2-,,21.6,21.6 s,EC+B+:99.17 A:0.83,8088.38,-56625.921,1971
69,87,Tm,2-,,83.8,83.8 s,EC+B+:99.936 A:0.064,8089.6,-56834.417,1971
69,88,Tm,1/2+,,217.8,3.63 m,EC+B+:100,8101.43,-58709.279,1974
69,89,Tm,2-,,238.8,3.98 m,EC+B+:100,8101.2,-58703.2,1970
69,90,Tm,5/2+,,547.8,9.13 m,EC+B+:100,8112.75,-60570.404,1971
69,91,Tm,1-,,564,9.4 m,EC+B+:100,8110.81,-60301.037,1970
69,92,Tm,7/2+,,1812,30.2 m,EC+B+:100,8120.49,-61898.715,1959
69,93,Tm,1-,,1302,21.70 m,EC+B+:100,8117.59,-61477.482,1963
69,94,Tm,1/2+,,6516,1.810 h,EC+B+:100,8124.98,-62728.413,1959
69,95,Tm,1+,,117,1.95 m,EC+B+:100 B+:39,8119.65,-61908.943,1960
69,96,Tm,1/2+,,1.082e+05,30.06 h,EC+B+:100,8125.55,-62930.024,1953
69,97,Tm,2+,,2.772e+04,7.70 h,EC+B+:100,8118.94,-61886.478,1948
69,98,Tm,1/2+,,7.992e+05,9.25 d,EC:100,8122.58,-62543.117,1948
69,99,Tm,3+,,8.044e+06,93.1 d,EC+B+:99.99 B-:0.01,8114.95,-61312.379,1949
69,100,Tm,1/2+,100,STABLE,stable,,8114.47,-61274.654,1934
69,101,Tm,1-,,1.111e+07,128.6 d,B-:99.869 EC:0.131,8105.51,-59795.314,1936
69,102,Tm,1/2+,,6.059e+07,1.92 Y,B-:100,8101.89,-59210.271,1948
69,103,Tm,2-,,2.29e+05,63.6 h,B-:100,8091.04,-57373.554,1956
69,104,Tm,(1/2+),,2.966e+04,8.24 h,B-:100,8084.46,-56256.067,1961
69,105,Tm,(4)-,,324,5.4 m,B-:100,8070.64,-53864.521,1960
69,106,Tm,(1/2+),,912,15.2 m,B-:100,8061.77,-52310.556,1961
69,107,Tm,(4+),,111,1.85 m,B-:100,8045.12,-49371.322,1961
69,108,Tm,(1/2+),,95,95 s,B-:100,8035,-47570,1989
69,109,Tm,,,3e-07,300 ns,B-,8017,-44240,2008
69,110,Tm,,,1.6e-07,160 ns,B-,8004,-41900,2012
69,111,Tm,,,3e-07,300 ns,B-:100,7983,-38170,2012
69,112,Tm,,,1.6e-07,160 ns,B- B-N,7969,-35440,2012
70,79,Yb,(1/2+),,0.7,0.7 s,EC+B+:100 ECP:0,7927,-33330,2001
70,80,Yb,0+,,2e-07,200 ns,,7965,-38830,2000
70,81,Yb,(1/2+),,1.6,1.6 s,EC+B+:100 ECP:0,7983.76,-41542.352,1985
70,82,Yb,0+,,3.03,3.03 s,EC+B+:100 B+P,8015.44,-46270.386,1982
70,83,Yb,(7/2-),,4.2,4.2 s,EC+B+:90 A:10 B+P:0.008,8022,-47160,1977
70,84,Yb,0+,,0.409,0.409 s,A:92.6 EC+B+:7.4,8039.94,-49932.093,1964
70,85,Yb,(7/2-),,1.793,1.793 s,A:89 EC+B+:11,8043.82,-50502.614,1964
70,86,Yb,0+,,26.1,26.1 s,EC+B+:90 A:10,8061.71,-53265.538,1970
70,87,Yb,7/2-,,38.6,38.6 s,EC+B+:99.5 A:0.5,8062.76,-53419.912,1970
70,88,Yb,0+,,89.4,1.49 m,EC+B+:100 A:0.0021,8079.2,-56009.62,1967
70,89,Yb,5/2(-),,100.2,1.67 m,EC+B+:100,8078.04,-55833.517,1975
70,90,Yb,0+,,288,4.8 m,EC+B+:100,8092.56,-58163.227,1967
70,91,Yb,3/2-,,252,4.2 m,EC+B+:100,8090.39,-57834.248,1974
70,92,Yb,0+,,1132,18.87 m,EC+B+:100,8102.53,-59821.163,1963
70,93,Yb,3/2-,,663,11.05 m,EC+B+:100,8099.11,-59293.878,1967
70,94,Yb,0+,,4548,75.8 m,EC:100,8109.41,-61012.171,1960
70,95,Yb,5/2-,,594,9.9 m,EC+B+:100,8104.84,-60295.388,1964
70,96,Yb,0+,,2.041e+05,56.7 h,EC:100,8112.46,-61593.706,1954
70,97,Yb,5/2-,,1050,17.5 m,EC+B+:100,8106.2,-60589.9,1954
70,98,Yb,0+,0.123,STABLE,stable,,8111.89,-61579.867,1938
70,99,Yb,7/2+,,2.766e+06,32.018 d,EC:100,8104.52,-60375.527,1946
70,100,Yb,0+,2.982,STABLE,stable,,8106.61,-60763.929,1938
70,101,Yb,1/2-,14.086,STABLE,stable,,8097.88,-59306.818,1934
70,102,Yb,0+,21.686,STABLE,stable,,8097.43,-59255.456,1934
70,103,Yb,5/2-,16.103,STABLE,stable,,8087.43,-57551.234,1934
70,104,Yb,0+,32.025,STABLE,stable,,8083.85,-56944.521,1934
70,105,Yb,(7/2-),,3.616e+05,4.185 d,B-:100,8070.93,-54695.556,1945
70,106,Yb,0+,12.995,STABLE,stable,,8064.09,-53491.322,1934
70,107,Yb,9/2+,,6880,1.911 h,B-:100,8049.97,-50986.404,1945
70,108,Yb,0+,,4440,74 m,B-:100,8042.74,-49677.139,1973
70,109,Yb,(1/2-),,480,8.0 m,B-:100,8026,-46640,1982
70,110,Yb,0+,,144,2.4 m,B-:100,8016,-44720,1987
70,111,Yb,,,1.6e-07,160 ns,B-,7996,-41088,2000
70,112,Yb,0+,,1.6e-07,160 ns,B-,7984,-38900,2012
70,113,Yb,,,2.22e-07,222 ns,B-:100,7963,-35000,2012
70,114,Yb,0+,,1.6e-07,160 ns,B-,7951,-32600,2012
70,115,Yb,,,1.6e-07,160 ns,B-,7929,-28480,2012
71,78,Lu,(11/2-),,4.5e-07,0.45 us,P:100,,,
71,79,Lu,(2+),,0.045,45 ms,P:70.9 EC+B+:29.1,7866,-24771,1993
71,80,Lu,11/2-,,0.0806,80.6 ms,P:63.4 EC+B+:36.6,7904,-30300,1982
71,81,Lu,(4- 5- 6-),,0.7,0.7 s,EC+B+:100 B+P:15,7926,-33422,1987
71,82,Lu,11/2-,,0.9,0.9 s,A EC+B+,7959.09,-38375.462,1989
71,83,Lu,(2-),,,,,7968,-39667,1981
71,84,Lu,11/2-,,0.068,68 ms,A:90 EC+B+:10,7987.44,-42545.056,1965
71,85,Lu,(2)-,,0.494,494 ms,A:95 EC+B+:5,7995.38,-43699.55,1965
71,86,Lu,(1/2+ 3/2+),,6.8,6.8 s,A:0,8013.31,-46439.818,1977
71,87,Lu,(2)-,,10.6,10.6 s,EC+B+:99.09 A:0.91,8018.57,-47212.2,1979
71,88,Lu,,,12.1,12.1 s,EC+B+:100 A:0.1,8034.6,-49708.609,1980
71,89,Lu,,,36.1,36.1 s,EC+B+:100 A:0.0001,8038.34,-50269.942,1979
71,90,Lu,1/2+,,77,77 s,EC+B+:100,8052.78,-52562.349,1973
71,91,Lu,1-,,82.2,1.37 m,EC+B+:100,8054.56,-52831.759,1978
71,92,Lu,1/2(+),,238.2,3.97 m,EC+B+:100,8066.68,-54791.415,1979
71,93,Lu,1(-),,188.4,3.14 m,EC+B+:100,8065.8,-54642.376,1977
71,94,Lu,1/2+,,644.4,10.74 m,EC+B+:100,8076.75,-56442.248,1973
71,95,Lu,6-,,159,2.65 m,EC+B+:100,8074.18,-56020.987,1969
71,96,Lu,7/2+,,3090,51.5 m,EC+B+:100,8083.17,-57526.281,1958
71,97,Lu,6(-),,330,5.5 m,EC+B+:100,8080.4,-57072.832,1960
71,98,Lu,7/2+,,1.226e+05,34.06 h,EC+B+:100,8086.32,-58082.527,1955
71,99,Lu,0+,,1.738e+05,2.012 d,EC+B+:100,8081.67,-57306.234,1951
71,100,Lu,7/2+,,7.125e+05,8.247 d,EC+B+:100,8084.66,-57828.465,1951
71,101,Lu,4-,,5.789e+05,6.70 d,EC+B+:100,8078.23,-56736.076,1951
71,102,Lu,7/2+,,4.323e+07,1.37 Y,EC:100,8079.03,-56881.014,1951
71,103,Lu,(1)-,,1.045e+08,3.31 Y,EC+B+:100,8071.45,-55570.292,1951
71,104,Lu,7/2+,97.401,STABLE,stable,,8069.14,-55165.678,1934
71,105,Lu,7-,2.599,1.187e+18,3.76E+10 Y,B-:100,8059.02,-53382.333,1935
71,106,Lu,7/2+,,5.741e+05,6.6443 d,B-:100,8053.45,-52383.903,1945
71,107,Lu,1(+),,1704,28.4 m,B-:100,8042.06,-50337.881,1957
71,108,Lu,7/2+,,1.652e+04,4.59 h,B-:100,8035.07,-49059.013,1961
71,109,Lu,5+,,342,5.7 m,B-:100,8022.04,-46676.476,1971
71,110,Lu,(7/2+),,210,3.5 m,B-:100,8011.93,-44797.414,1982
71,111,Lu,,,120,2.0 m,B-:100,7996,-41770,1982
71,112,Lu,(7/2+),,58,58 s,B-:100,7984.81,-39716.114,1983
71,113,Lu,(3+),,19,19 s,B-:100,7967,-36300,1989
71,114,Lu,,,1.6e-07,160 ns,B-,7955,-33960,2009
71,115,Lu,,,,,B-:100,7936,-30320,2012
71,116,Lu,,,,,B-:100 B-N,7923,-27770,2012
71,117,Lu,,,,,B-:100,7903,-23820,2012
72,79,Hf,,,,,,,,
72,81,Hf,,,,,,7882,-27300,2000
72,82,Hf,0+,,2,2 s,EC+B+:100 A:0,7918,-32730,1981
72,83,Hf,(7/2-),,0.843,843 ms,EC+B+:100,7929,-34310,1981
72,84,Hf,0+,,0.023,23 ms,A:100,7952.67,-37819.514,1979
72,85,Hf,(7/2-),,0.115,115 ms,A:94 EC+B+:14,7960,-38855,1965
72,86,Hf,0+,,2.85,2.85 s,EC+B+:55.7 A:44.3,7981.28,-42102.399,1965
72,87,Hf,7/2-,,5.6,5.6 s,EC+B+:65 A:35,7986.56,-42852.606,1973
72,88,Hf,0+,,13.6,13.6 s,EC+B+:99.3 A:0.7,8006.38,-45938.747,1973
72,89,Hf,(7/2-),,18.4,18.4 s,EC+B+:99.87 A:0.13,8009.12,-46315.817,1973
72,90,Hf,0+,,39.4,39.4 s,EC+B+:99.992 A:0.008,8027.12,-49168.426,1982
72,91,Hf,(5/2-),,40,40.0 s,EC+B+:100 A:0.0001,8028.01,-49269.32,1982
72,92,Hf,0+,,111,111 s,EC+B+:100,8043.81,-51818.356,1981
72,93,Hf,(5/2-),,76,76 s,EC+B+:100,8042.87,-51635.513,1981
72,94,Hf,0+,,406.2,6.77 m,EC+B+:100,8056.44,-53858.989,1965
72,95,Hf,(5/2)-,,123,2.05 m,EC+B+:100,8054.19,-53467.761,1969
72,96,Hf,0+,,1557,25.95 m,EC+B+:100,8065.55,-55360.557,1961
72,97,Hf,5/2-,,194.4,3.24 m,EC+B+:100,8061.78,-54716.895,1969
72,98,Hf,0+,,5.764e+04,16.01 h,EC:100,8070.88,-56253.86,1961
72,99,Hf,7/2(+),,4.356e+04,12.1 h,EC+B+:100,8066.07,-55431.351,1951
72,100,Hf,0+,,5.901e+07,1.87 Y,EC:100,8071.74,-56402.232,1951
72,101,Hf,1/2-,,8.496e+04,23.6 h,EC+B+:100,8066.02,-55411.79,1951
72,102,Hf,0+,0.16,6.311e+22,2.0E+15 Y,A:100,8068.53,-55844.583,1939
72,103,Hf,5/2(-),,6.048e+06,70 d,EC:100,8060.76,-54481.763,1949
72,104,Hf,0+,5.26,STABLE,stable,,8061.36,-54576.428,1934
72,105,Hf,7/2-,18.6,STABLE,stable,,8051.84,-52880.745,1934
72,106,Hf,0+,27.28,STABLE,stable,,8049.44,-52435.366,1934
72,107,Hf,9/2+,13.62,STABLE,stable,,8038.55,-50463.036,1934
72,108,Hf,0+,35.08,STABLE,stable,,8034.93,-49779.476,1934
72,109,Hf,1/2-,,3.662e+06,42.39 d,B-:100,8022,-47402.958,1935
72,110,Hf,0+,,2.809e+14,8.90E+6 Y,B-:100,8014.84,-46049.636,1961
72,111,Hf,(3/2-),,3665,1.018 h,IT:100 B-:100,8000.03,-43283.547,1956
72,112,Hf,0+,,1.483e+04,4.12 h,B-:100,7990.72,-41499.453,1973
72,113,Hf,,,210,3.5 m,B-:100,7973.97,-38319.804,1993
72,114,Hf,0+,,156,2.6 m,B-:100,7964.3,-36424.214,1998
72,115,Hf,,,,,B-:100,7947,-33000,1999
72,116,Hf,0+,,,,B-:100,7936,-30830,1999
72,117,Hf,,,,,B-:100,7917,-27150,2009
72,118,Hf,0+,,,,B-:100,7905,-24800,2012
73,82,Ta,11/2-,,0.0029,2.9 ms,P:100,7858,-23988,2007
73,83,Ta,(2-),,0.106,106 ms,P:71 EC+B+:29,7872,-26001,1992
73,84,Ta,1/2+,,0.0101,10.1 ms,A:96.6 P:3.4,7896.06,-29595.948,1979
73,85,Ta,(2-),,0.055,55 ms,A:91 EC+B+:9,7907,-31118,1979
73,86,Ta,1/2+,,0.83,0.83 s,EC+B+:66 A:34,7928.73,-34439.157,1979
73,87,Ta,,,1.55,1.55 s,A:34,7938.27,-35823.7,1979
73,88,Ta,(1/2+),,,,A EC+B+,7957.45,-38778.575,1979
73,89,Ta,,,3.57,3.57 s,EC+B+:99.926 A:0.074 ECP,7964.34,-39781.405,1985
73,90,Ta,,,10.6,10.6 s,EC+B+:99.8 A:0.2,7981.89,-42534.634,1985
73,91,Ta,(3+),,14.2,14.2 s,EC+B+:100 A,7987,-43282.805,1982
73,92,Ta,(9/2-),,31,31.0 s,EC+B+:100,8003.05,-45847.872,1982
73,93,Ta,(2)+,,34.4,34.4 s,EC+B+:100,8004.97,-46097.78,1977
73,94,Ta,(3/2+),,80,80 s,EC+B+:100,8018.86,-48351.064,1982
73,95,Ta,(2- 3+),,120,2.0 m,EC+B+:100,8019.43,-48393.913,1969
73,96,Ta,(5/2+),,294,4.9 m,EC+B+:100,8030.96,-50290.435,1969
73,97,Ta,(3+),,405.6,6.76 m,EC+B+:100,8030.3,-50137.67,1969
73,98,Ta,(5/2+),,1398,23.3 m,EC+B+:100,8039.79,-51720.279,1969
73,99,Ta,(3+),,2208,36.8 m,EC+B+:100,8037.71,-51329.983,1964
73,100,Ta,5/2-,,1.13e+04,3.14 h,EC+B+:100,8044.06,-52396.543,1960
73,101,Ta,3+,,4104,1.14 h,EC+B+:100,8040.45,-51740.771,1960
73,102,Ta,7/2+,,3.78e+04,10.5 h,EC+B+:100,8044.45,-52408.653,1960
73,103,Ta,(1)-,,2.912e+04,8.09 h,EC+B+:100,8038.67,-51365.379,1948
73,104,Ta,7/2+,,2.029e+05,56.36 h,EC+B+:100,8040.83,-51714.745,1948
73,105,Ta,7-,,8496,2.36 h,EC+B+:100,8035,-50598,1950
73,106,Ta,7/2+,,5.743e+07,1.82 Y,EC:100,8033.59,-50357.456,1950
73,107,Ta,1+,,2.935e+04,8.154 h,EC:85 B-:15,8025.89,-48933.631,1938
73,108,Ta,7/2+,99.988,STABLE,stable,,8023.4,-48439.064,1932
73,109,Ta,3-,,9.914e+06,114.74 d,B-:100,8012.63,-46430.685,1938
73,110,Ta,7/2+,,4.406e+05,5.1 d,B-:100,8006.74,-45293.547,1950
73,111,Ta,(5-),,3.132e+04,8.7 h,B-:100,7993.75,-42839.453,1955
73,112,Ta,(7/2+),,2964,49.4 m,B-:100,7986.36,-41394.371,1950
73,113,Ta,(3-),,623.4,10.39 m,B-:100,7971.84,-38607.602,1955
73,114,Ta,(7/2+),,283,283 s,B-:100,7963.21,-36895.55,1999
73,115,Ta,(1-),,19.6,19.6 s,B-:100,7948,-33910,1999
73,116,Ta,,,,,B-:100,7938,-31960,1999
73,117,Ta,(3),,5.3,5.3 s,B-:100,7922,-28720,2009
73,118,Ta,,,3e-07,300 ns,B-,7911,-26520,2009
73,119,Ta,(1 2),,2.2,2.2 s,B-:100,7894,-23100,2009
73,120,Ta,,,,,B-:100 B-N,7883,-20810,2012
73,121,Ta,,,,,B-:100 B-N,7865,-17130,2012
74,83,W,(7/2-),,0.275,275 ms,EC,7828,-19690,2010
74,84,W,0+,,0.00125,1.25 ms,A:100,7855,-23693,1981
74,85,W,,,0.0073,7.3 ms,A:99.9 EC+B+:0.1,7867,-25434,1981
74,86,W,0+,,0.091,91 ms,A:87 EC+B+:13,7892.79,-29329.073,1979
74,87,W,,,0.409,409 ms,A:73 EC+B+:27,7901,-30507,1973
74,88,W,0+,,1.19,1.19 s,EC+B+:54.8 A:45.2,7923.82,-33999.217,1973
74,89,W,7/2-,,2.67,2.67 s,EC+B+:86 A:14,7930.3,-34908.439,1973
74,90,W,0+,,6.3,6.3 s,EC+B+:96.2 A:3.8,7951.45,-38235.555,1973
74,91,W,(5/2-),,5.1,5.1 s,EC+B+:99.8 A:0.2,7955.97,-38861.316,1975
74,92,W,0+,,19.2,19.2 s,EC+B+:99.965 A:0.035,7974.9,-41887.471,1975
74,93,W,(+),,19.9,19.9 s,EC+B+:99.96 A:0.04,7976.7,-42093.212,1985
74,94,W,0+,,50.9,50.9 s,EC+B+:100 A:0.0032,7993.93,-44892.93,1971
74,95,W,(5/2-),,74,74 s,EC+B+:100,7994.54,-44917.866,1985
74,96,W,0+,,145.2,2.42 m,EC+B+:100,8008.95,-47290.804,1971
74,97,W,(5/2-),,142.8,2.38 m,EC+B+:100,8008.12,-47086.095,1983
74,98,W,0+,,396,6.6 m,EC+B+:100,8020.18,-49097.191,1964
74,99,W,5/2-,,456,7.6 m,EC+B+:100,8018.33,-48727.388,1963
74,100,W,0+,,1992,33.2 m,EC+B+:100,8027.26,-50227.093,1964
74,101,W,(1/2-),,2112,35.2 m,EC+B+:100,8024.11,-49632.8,1963
74,102,W,0+,,9000,2.5 h,EC:100,8030.11,-50641.608,1950
74,103,W,1/2-,,7944,132.4 m,EC+B+:100,8025.04,-49701.731,1950
74,104,W,0+,,1.866e+06,21.6 d,EC:100,8029.26,-50407.066,1950
74,105,W,7/2-,,2223,37.05 m,EC+B+:100,8023.28,-49295.247,1950
74,106,W,0+,0.12,5.68e+25,1.8E18 Y,A:100,8025.44,-49636.243,1937
74,107,W,9/2+,,1.047e+07,121.2 d,EC:100,8017.95,-48233.945,1947
74,108,W,0+,26.5,STABLE,stable,,8018.31,-48246.144,1930
74,109,W,1/2-,14.31,2.114e+28,6.7E+20 Y,A,8008.32,-46365.663,1930
74,110,W,0+,30.64,STABLE,stable,,8005.08,-45705.453,1930
74,111,W,3/2-,,6.489e+06,75.1 d,B-:100,7992.91,-43387.871,1940
74,112,W,0+,28.43,STABLE,stable,,7988.6,-42508.602,1930
74,113,W,3/2-,,8.568e+04,23.80 h,B-:100,7975.12,-39904.044,1940
74,114,W,0+,,6.029e+06,69.78 d,B-:100,7969.05,-38667.88,1951
74,115,W,,,696,11.6 m,B-:100,7954,-35809,1963
74,116,W,0+,,1800,30.0 m,B-:100,7947.5,-34368.832,1976
74,117,W,,,,,,7931.44,-31176.176,1999
74,118,W,0+,,,,B-:100,7924,-29620,1999
74,119,W,,,,,B-:100,7907,-26190,2009
74,120,W,0+,,,,B-:100,7899,-24410,2008
74,121,W,,,1.6e-07,160 ns,B-,7881,-20740,2012
74,122,W,0+,,1.6e-07,160 ns,B-,7872,-18740,2012
74,123,W,,,1.6e-07,160 ns,B-,7853,-14870,2012
75,84,Re,(1/2+),,,,,7795,-14805,2006
75,85,Re,(4-),,0.000612,612 us,P:89 A:11,7810,-16878,1992
75,86,Re,1/2+,,0.00044,0.44 ms,P:100 A:1.4,7836.33,-20842.82,1979
75,87,Re,(2-),,0.107,107 ms,A:94 EC+B+:6,7848,-22453,1979
75,88,Re,1/2+,,0.39,390 ms,EC+B+:68 A:32,7870.87,-26002.253,1979
75,89,Re,,,0.7,0.70 s,A:58 EC+B+:42,7881.05,-27472.441,1979
75,90,Re,(1/2+),,1.6,1.6 s,EC+B+:86 A:14,7901.52,-30659.353,1981
75,91,Re,,,2.25,2.25 s,EC+B+:76 A:24,7909.64,-31837.335,1978
75,92,Re,(9/2-),,5.9,5.9 s,EC+B+:99 A:1,7929,-34834,1992
75,93,Re,(7+),,4.4,4.4 s,EC+B+:100 A:0.005,7935.12,-35794.889,1992
75,94,Re,(9/2-),,8.1,8.1 s,EC+B+:100 A:0.01,7951.4,-38409.247,1978
75,95,Re,(5+),,9.2,9.2 s,EC+B+:100,7955.01,-38903.996,1974
75,96,Re,(9/2-),,15.2,15.2 s,EC+B+:100,7969.41,-41250.285,1987
75,97,Re,(5+),,15,15 s,EC+B+:100,7971.85,-41566.839,1977
75,98,Re,(5/2-),,118.8,1.98 m,EC+B+:100,7983.91,-43553.87,1986
75,99,Re,,,144,2.40 m,EC+B+:100,7985.09,-43673.101,1972
75,100,Re,(5/2-),,353.4,5.89 m,EC+B+:100,7994.82,-45288.312,1967
75,101,Re,(3+),,318,5.3 m,EC+B+:100,7993.97,-45062.89,1967
75,102,Re,5/2-,,840,14 m,EC+B+:100,8001.22,-46269.175,1957
75,103,Re,(3+),,792,13.2 m,EC+B+:100,7998.16,-45653.457,1957
75,104,Re,5/2+,,1170,19.5 m,EC+B+:100,8003.77,-46584.312,1960
75,105,Re,(1)-,,147.6,2.46 m,EC+B+:100,7999.99,-45837.364,1955
75,106,Re,5/2+,,7.164e+04,19.9 h,EC+B+:100,8004.14,-46517.412,1957
75,107,Re,7+,,2.311e+05,64.2 h,EC+B+:100,7998.63,-45446.144,1950
75,108,Re,5/2+,,6.048e+06,70.0 d,EC:100,8001.01,-45809.663,1950
75,109,Re,3(-),,3.059e+06,35.4 d,EC+B+:100,7992.75,-44219.819,1940
75,110,Re,5/2+,37.4,STABLE,stable,,7991.01,-43819.047,1931
75,111,Re,1-,,3.213e+05,3.7185 d,B-:92.5 EC:7.5,7981.27,-41927.32,1939
75,112,Re,5/2+,62.6,1.366e+18,4.33E+10 Y,B-:100 A:0.0001,7977.95,-41216.548,1931
75,113,Re,1-,,6.122e+04,17.005 h,B-:100,7966.75,-39016.88,1939
75,114,Re,5/2+,,8.748e+04,24.3 h,B-:100,7961.81,-37979.097,1963
75,115,Re,(2)-,,180,3.0 m,B-:100,7949.78,-35583.015,1955
75,116,Re,(3/2+ 1/2+),,588,9.8 m,B-:100,7943.96,-34350.408,1963
75,117,Re,,,16,16 s,B-:100,7930.24,-31588.828,1965
75,118,Re,(5/2+),,,,,7923.94,-30231.641,1999
75,119,Re,(0+ 1),,5,5 s,B-:100,7909,-27260,1999
75,120,Re,[3/2-],,6,6 s,B-:100,7901,-25560,2008
75,121,Re,,,3,3 s,B-:100,7886,-22360,2008
75,122,Re,,,1.6e-07,160 ns,B-,7877,-20350,2009
75,123,Re,,,1.6e-07,160 ns,B- B-N,7861,-16990,2009
75,124,Re,,,1.6e-07,160 ns,B- B-N,7850,-14730,2012
76,85,Os,(7/2-),,0.00064,0.64 ms,A:100,7765,-10196,2010
76,86,Os,0+,,0.0021,2.1 ms,A:99,7794,-14500,1989
76,87,Os,(7/2-),,0.0055,5.5 ms,A:100 EC+B+,7807,-16336,1981
76,88,Os,0+,,0.021,21 ms,A:96 EC+B+:4,7833.31,-20424.723,1981
76,89,Os,(7/2-),,0.071,71 ms,A:90 EC+B+:10,7843,-21747,1978
76,90,Os,0+,,0.213,213 ms,A:72 EC+B+:28,7866.34,-25431.526,1977
76,91,Os,(7/2-),,0.81,0.81 s,A:57 EC+B+:43,7873.96,-26498.86,1977
76,92,Os,0+,,2.1,2.1 s,EC+B+:57 A:43,7895.94,-29994.995,1977
76,93,Os,(5/2-),,3.43,3.43 s,EC+B+:86.3 A:13.7,7901.29,-30722.984,1972
76,94,Os,0+,,7.37,7.37 s,EC+B+:90.5 A:9.5,7921.13,-33925.692,1972
76,95,Os,(5/2-),,8.3,8.3 s,EC+B+:98.2 A:1.8,7924.18,-34297.238,1972
76,96,Os,0+,,19.2,19.2 s,EC+B+:99.8 A:0.2,7942.16,-37243.641,1971
76,97,Os,5/2-,,22.4,22.4 s,EC+B+:99.6 A:0.4,7944.03,-37438.25,1971
76,98,Os,0+,,44,44 s,EC:100 A:0.02,7959.46,-39995.383,1971
76,99,Os,(5/2-),,84,1.4 m,EC+B+:100,7960.73,-40105.36,1972
76,100,Os,0+,,216,3.6 m,EC+B+:100,7972.87,-42131.184,1970
76,101,Os,1/2-,,180,3.0 m,EC+B+:100,7972.44,-41956.448,1970
76,102,Os,0+,,300,5.0 m,EC+B+:100 A:0,7981.91,-43544.243,1967
76,103,Os,1/2-,,390,6.5 m,EC+B+:100,7979.48,-43020.137,1968
76,104,Os,0+,,1290,21.5 m,EC+B+:100,7987.42,-44356.198,1967
76,105,Os,1/2-,,6300,105 m,EC+B+:100,7983.43,-43549.968,1966
76,106,Os,0+,,7.862e+04,21.84 h,EC:100,7989.73,-44609.109,1950
76,107,Os,9/2+,,4.68e+04,13.0 h,EC+B+:100,7985.01,-43663.76,1950
76,108,Os,0+,0.02,1.767e+21,5.6E13 Y,2B+ A,7988.68,-44252.565,1937
76,109,Os,1/2-,,8.087e+06,93.6 d,EC:100,7981.3,-42805.908,1947
76,110,Os,0+,1.59,6.311e+22,2.0E+15 Y,A:100,7982.83,-43000.032,1931
76,111,Os,1/2-,1.96,STABLE,stable,,7973.78,-41219.015,1931
76,112,Os,0+,13.24,STABLE,stable,,7973.87,-41137.301,1931
76,113,Os,3/2-,16.15,STABLE,stable,,7963,-38986.802,1931
76,114,Os,0+,26.26,STABLE,stable,,7962.1,-38707.825,1931
76,115,Os,9/2-,,1.331e+06,15.4 d,B-:100,7950.57,-36395.239,1940
76,116,Os,0+,40.78,STABLE,stable,,7948.53,-35882.303,1931
76,117,Os,3/2-,,1.074e+05,29.830 h,B-:100,7936.27,-33394.401,1940
76,118,Os,0+,,1.893e+08,6.0 Y,B-:100,7932.02,-32435.176,1951
76,119,Os,(3/2-),,390,6.5 m,B-,7917.74,-29511.596,1957
76,120,Os,0+,,2094,34.9 m,B-:100,7912.23,-28277.123,1977
76,121,Os,,,168,2.8 m,B-:100,7897,-25080,2003
76,122,Os,0+,,,,B-:100,7890,-23600,2008
76,123,Os,,,5,5 s,B-:100,7874,-20270,2008
76,124,Os,0+,,6,6 s,B-:100,7867,-18550,2005
76,125,Os,(1/2-),,,,B-:100,7849,-14840,2009
76,126,Os,0+,,1.6e-07,160 ns,B-,7839,-12530,2009
76,127,Os,(9/2+),,,,B-:100 B-N,7814,-7270,2012
77,87,Ir,,,,,EC+B+ A P,7750,-7483,
77,88,Ir,(1/2+),,1e-06,1 us,P A,7776,-11595,
77,89,Ir,(2-),,0.0105,10.5 ms,A:93 P:7,7789,-13306,1981
77,90,Ir,1/2+,,0.0352,35.2 ms,A:48 P:32 EC+B+:20,7812.83,-17072.448,1981
77,91,Ir,,,0.222,222 ms,A:100 EC+B+ P,7823.85,-18666.23,1978
77,92,Ir,(1/2+),,0.353,0.353 s,A:45 EC+B+ P,7845.59,-22093.416,1978
77,93,Ir,(3-),,0.87,0.87 s,EC+B+:94.8 A:5.2,7853,-23182,1977
77,94,Ir,(1/2+),,3.2,3.2 s,EC+B+:85 A:15,7873.49,-26412.03,1967
77,95,Ir,(3- 4-),,4.4,4.4 s,EC+B+:98 A:2,7880.26,-27379.373,1967
77,96,Ir,(3/2+ 5/2+),,9,9.0 s,EC+B+:93 A:7,7898.07,-30268.456,1967
77,97,Ir,(3+),,7.9,7.9 s,EC:99.5 A:0.5,7902.04,-30785.937,1967
77,98,Ir,(5/2-),,9,9 s,EC+B+:99.15 A:0.85,7917.91,-33394.511,1967
77,99,Ir,,,8.7,8.7 s,EC+B+:96.9 A:3.1,7921.55,-33881.923,1967
77,100,Ir,5/2-,,29.8,29.8 s,EC+B+:99.94 A:0.06,7934.63,-36047.425,1967
77,101,Ir,,,12,12 s,EC+B+:100,7936.56,-36254.314,1972
77,102,Ir,(5/2)-,,79,79 s,EC+B+:100,7947.52,-38081.719,1992
77,103,Ir,(5+),,90,1.5 m,EC+B+:100,7947.63,-37977.53,1972
77,104,Ir,5/2-,,294,4.90 m,EC+B+:100,7956.52,-39463.035,1972
77,105,Ir,3+,,900,15.0 m,EC+B+:100,7954.89,-39051.682,1961
77,106,Ir,5/2-,,3480,58 m,EC+B+:100,7961.82,-40202.138,1961
77,107,Ir,5-,,1.112e+04,3.09 h,EC+B+:100,7959.2,-39610.855,1960
77,108,Ir,5/2-,,5.184e+04,14.4 h,EC+B+:100,7963.72,-40335.558,1958
77,109,Ir,5+,,5.99e+04,16.64 h,EC+B+:100,7958.05,-39172.35,1958
77,110,Ir,3/2+,,3.78e+04,10.5 h,EC+B+:100,7960.67,-39549.377,1958
77,111,Ir,1-,,1.494e+05,41.5 h,EC+B+:100,7954.85,-38344.955,1950
77,112,Ir,3/2+,,1.14e+06,13.2 d,EC:100,7956.02,-38449.652,1955
77,113,Ir,4-,,1.018e+06,11.78 d,EC+B+:100 B+:0.002,7947.7,-36753.614,1947
77,114,Ir,3/2+,37.3,STABLE,stable,,7948.11,-36708.826,1935
77,115,Ir,4+,,6.379e+06,73.829 d,B-:95.24 EC:4.76,7939,-34835.631,1937
77,116,Ir,3/2+,62.7,STABLE,stable,,7938.13,-34536.305,1935
77,117,Ir,1-,,6.905e+04,19.18 h,B-:100,7928.49,-32531.776,1937
77,118,Ir,3/2+,,8244,2.29 h,B-:100,7924.92,-31692.318,1952
77,119,Ir,(0-),,52,52 s,B-:100,7914.15,-29435.522,1966
77,120,Ir,3/2+,,348,5.8 m,B-:100,7909,-28264.123,1952
77,121,Ir,,,8,8 s,B-:100,7897,-25710,1973
77,122,Ir,,,6,6 s,B-,7891.21,-24398.534,1993
77,123,Ir,,,3e-07,300 ns,B-,7878,-21570,2008
77,124,Ir,(3/2+),,21,21 s,B-:100,7870,-19840,2008
77,125,Ir,(1- 2-),,11,11 s,B-:100,7855,-16640,2008
77,126,Ir,(3/2+),,,,B-:100,7845,-14370,2009
77,127,Ir,,,1.6e-07,160 ns,B- B-N,7823,-9570,2011
77,128,Ir,(3/2+),,,,B-:100 B-N,7805,-5600,2012
78,87,Pt,(7/2-),,0.00026,0.26 ms,A:100,7703,-318,2019
78,88,Pt,0+,,0.0003,300 us,A:100,7733,-4783,1996
78,89,Pt,,,0.0007,0.7 ms,A:100,7746,-6753,1996
78,90,Pt,0+,,0.00202,2.02 ms,A:100,7773.62,-11010.078,1981
78,91,Pt,(7/2-),,0.007,7.0 ms,A:100,7784,-12464,1981
78,92,Pt,0+,,0.0138,13.8 ms,A:98 EC+B+:2,7808.24,-16299.202,1981
78,93,Pt,(7/2-),,0.0455,45.5 ms,A:90 EC+B+:10,7816.6,-17466.569,1981
78,94,Pt,0+,,0.0976,97.6 ms,A:94 EC+B+:6,7839.25,-21106.67,1981
78,95,Pt,(5/2-),,0.382,382 ms,A:86 EC+B+:16,7845.39,-21936.758,1966
78,96,Pt,0+,,0.889,0.889 s,A:76 EC+B+:24,7866.11,-25317.608,1966
78,97,Pt,7/2-,,2.53,2.53 s,A:64 EC+B+:36,7869.52,-25708.684,1966
78,98,Pt,0+,,6.33,6.33 s,EC+B+:60 A:40,7888.99,-28933.918,1966
78,99,Pt,5/2-,,10,10.0 s,EC+B+:94.3 A:5.7,7892.49,-29370.437,1966
78,100,Pt,0+,,20.7,20.7 s,EC+B+:92.3 A:7.7,7908.25,-31997.486,1966
78,101,Pt,1/2-,,21.2,21.2 s,EC+B+:99.76 A:0.24,7910.68,-32268.127,1966
78,102,Pt,0+,,56,56 s,EC+B+:99.7 A:0.3,7923.58,-34429.875,1966
78,103,Pt,1/2-,,52,52.0 s,EC+B+:100 A:0.08,7924.13,-34381.497,1966
78,104,Pt,0+,,160.2,2.67 m,EC+B+:99.962 A:0.038,7934.75,-36168.42,1963
78,105,Pt,1/2-,,390,6.5 m,EC+B+:100 A:0.0096,7933.34,-35773.197,1963
78,106,Pt,0+,,1038,17.3 m,EC+B+:100 A:0.001,7942.56,-37332.486,1963
78,107,Pt,9/2+,,4254,70.9 m,EC+B+:100,7939.78,-36688.144,1960
78,108,Pt,0+,,7560,2.10 h,EC+B+:100 A:0.00014,7946.81,-37864.447,1961
78,109,Pt,3/2-,,8460,2.35 h,EC+B+:100,7941.17,-36685.361,1961
78,110,Pt,0+,,8.778e+05,10.16 d,EC+B+:99.999974 A:0.000026,7947.9,-37820.97,1954
78,111,Pt,3/2-,,3.913e+04,10.87 h,EC+B+:100,7941.4,-36469.405,1955
78,112,Pt,0+,0.012,1.568e+19,4.97E11 Y,A:100,7946.49,-37306.504,1949
78,113,Pt,3/2-,,2.445e+05,2.83 d,EC:100,7938.73,-35698.336,1948
78,114,Pt,0+,0.782,STABLE,stable,,7942.49,-36288.525,1935
78,115,Pt,1/2-,,1.578e+09,50 Y,EC:100,7933.79,-34479.677,1948
78,116,Pt,0+,32.864,STABLE,stable,,7935.94,-34760.101,1935
78,117,Pt,1/2-,33.775,STABLE,stable,,7926.55,-32793.878,1935
78,118,Pt,0+,25.211,STABLE,stable,,7926.53,-32644.538,1935
78,119,Pt,1/2-,,7.161e+04,19.8915 h,B-:100,7915.97,-30419.775,1936
78,120,Pt,0+,7.356,STABLE,stable,2B- 2B-,7914.15,-29904.018,1935
78,121,Pt,5/2-,,1848,30.80 m,B-:100,7902.3,-27388.7,1937
78,122,Pt,0+,,4.536e+04,12.6 h,B-:100,7899.2,-26599.178,1957
78,123,Pt,(5/2-),,147.6,2.46 m,B-:100,7885.83,-23740.705,1962
78,124,Pt,0+,,1.584e+05,44 h,B-:100,7881.56,-22692.128,1992
78,125,Pt,(1/2-),,22,22 s,B-:100,7867,-19510,2008
78,126,Pt,0+,,10.3,10.3 s,B-:100,7859,-17620,2008
78,127,Pt,(9/2+),,,,B-:100 B-N,7836,-12820,2009
78,128,Pt,0+,,1.6e-07,160 ns,B- B-N,7820,-9240,2012
78,129,Pt,,,,,B-:100 B-N,7797,-4140,2012
78,130,Pt,0+,,,,B-:100 B-N,7780,-500,2012
79,91,Au,(2-),,0.00029,0.29 ms,P:89 A:11,7730,-3703,2002
79,92,Au,(1/2+),,2.2e-05,22 us,P:100,7754.11,-7562.303,1997
79,93,Au,,,0.022,22 ms,A:100 P EC+B+,7766.16,-9318.011,1993
79,94,Au,(1/2+),,0.0263,26.3 ms,A:94 P EC+B+,7788.23,-12832.017,1983
79,95,Au,,,0.12,120 ms,A:0,7797,-14058,1983
79,96,Au,(1/2+),,,,A:90,7817.59,-17403.686,1975
79,97,Au,,,,,,7825.38,-18520.967,1975
79,98,Au,1/2+,,1.501,1.501 s,EC+B+:60 A:40,7843.86,-21545.736,1968
79,99,Au,,,2.6,2.6 s,EC+B+:60 A:40,7849.39,-22303.029,1968
79,100,Au,(1/2+ 3/2+),,7.1,7.1 s,EC+B+:78 A:22,7865.64,-24988.572,1968
79,101,Au,,,8.4,8.4 s,EC+B+:98.2 A:1.8,7870.32,-25625.646,1977
79,102,Au,(3/2-),,13.7,13.7 s,EC+B+:97.3 A:2.7,7883.84,-27871.14,1968
79,103,Au,(2+),,15.5,15.5 s,EC+B+:99.87 A:0.13,7887.24,-28303.976,1970
79,104,Au,(5/2)-,,42.8,42.8 s,EC+B+:99.45 A:0.55,7898.56,-30191.488,1968
79,105,Au,5+,,20.6,20.6 s,EC+B+:100 A:0.016,7900.19,-30318.714,1969
79,106,Au,5/2-,,255,4.25 m,EC+B+:99.74 A:0.26,7909.44,-31858.15,1960
79,107,Au,3-,,642,10.7 m,EC+B+:100 A:0.0008,7909.54,-31714.856,1960
79,108,Au,1/2(+),,498,8.3 m,EC+B+:100 A:0.003,7917.43,-33028.78,1955
79,109,Au,1-,,530.4,8.84 m,EC+B+:100,7914.75,-32371.315,1955
79,110,Au,1/2+,,1722,28.7 m,EC+B+:100 A:0.00003,7921.99,-33581.958,1955
79,111,Au,1-,,2568,42.8 m,EC+B+:100 A:0.000001,7918.83,-32833.54,1959
79,112,Au,3/2+,,1.145e+04,3.18 h,EC+B+:100,7924.68,-33797.91,1954
79,113,Au,1-,,1.778e+04,4.94 h,EC+B+:100,7920.1,-32772.184,1948
79,114,Au,3/2+,,6.354e+04,17.65 h,EC+B+:100,7924.16,-33404.829,1948
79,115,Au,1-,,1.369e+05,38.02 h,EC+B+:100,7918.77,-32211.95,1948
79,116,Au,3/2+,,1.607e+07,186.01 d,EC:100,7921.38,-32567.061,1948
79,117,Au,2-,,5.328e+05,6.1669 d,EC+B+:93 B-:7,7914.86,-31138.718,1937
79,118,Au,3/2+,100,STABLE,stable,,7915.65,-31139.751,1935
79,119,Au,2-,,2.328e+05,2.6941 d,B-:100,7908.57,-29580.793,1937
79,120,Au,3/2+,,2.712e+05,3.139 d,B-:100,7906.94,-29093.752,1937
79,121,Au,(1-),,2904,48.4 m,B-:100,7898.49,-27240.094,1951
79,122,Au,3/2+,,1560,26.0 m,B-:100,7895.18,-26400.705,1952
79,123,Au,(1-),,28.4,28.4 s,B-:100,7885.91,-24352.982,1967
79,124,Au,3/2+,,60,60 s,B-:100,7880.86,-23143.444,1952
79,125,Au,(2-),,39.8,39.8 s,B-:100,7868,-20390,1972
79,126,Au,(3/2+),,32,32.0 s,B-:100,7860,-18570,1994
79,127,Au,5+ 6+,,40,40 s,B-:100,7840,-14190,2009
79,128,Au,,,3e-07,300 ns,B-:100 B-N,7824,-10640,2010
79,129,Au,,,,,B-:100 B-N,7803,-5910,2010
79,130,Au,(3/2+),,3e-07,300 ns,B-:100,7786,-2230,2010
79,131,Au,,,3e-07,300 ns,B- B-N,7764,2680,2010
80,90,Hg,0+,,8e-05,0.08 ms,A:100,7671,5415,2019
80,91,Hg,,,5.9e-05,59 us,A:100,7686,3339,2004
80,92,Hg,0+,,0.000231,231 us,A:100,7713.61,-1061.361,1999
80,93,Hg,(7/2-),,0.0008,0.80 ms,A:100,7725,-2661,1999
80,94,Hg,,,0.0021,2.1 ms,A:99.6,7749.79,-6641.017,1997
80,95,Hg,(7/2-),,0.0106,10.6 ms,A:100,7759.21,-7969.443,1983
80,96,Hg,0+,,0.0203,20.3 ms,A:94,7782.66,-11784.639,1983
80,97,Hg,7/2-,,0.117,117 ms,A:100,7789.89,-12775.823,1975
80,98,Hg,0+,,0.2665,266.5 ms,A:70 EC+B+:30,7811.36,-16315.346,1971
80,99,Hg,(7/2-),,1.05,1.05 s,A:55 EC+B+:45 ECP:0.15,7816.26,-16932.924,1970
80,100,Hg,0+,,2.59,2.59 s,EC+B+:52 A:48,7836.11,-20250.513,1970
80,101,Hg,1/2-,,3.6,3.6 s,EC+B+:73 A:27 ECP:0.013,7839.68,-20661.127,1969
80,102,Hg,0+,,10.83,10.83 s,EC+B+:86.2 A:13.8,7856.97,-23576.885,1968
80,103,Hg,1/2-,,9.4,9.4 s,EC+B+:88.3 A:11.7 ECP:0.00026,7859.39,-23804.655,1969
80,104,Hg,0+,,30.87,30.87 s,EC+B+:98.89 A:1.11,7874.35,-26344.787,1969
80,105,Hg,1/2-,,49.1,49.1 s,EC+B+:94 A:6,7874.54,-26183.651,1960
80,106,Hg,0+,,82.8,1.38 m,EC+B+:99.984 A:0.016,7888.26,-28539.059,1960
80,107,Hg,3/2(-),,114,1.9 m,EC+B+:100 A:0.00037,7886.99,-28118.509,1960
80,108,Hg,0+,,195,3.25 m,EC+B+:99.999963 A:0.000037,7899.03,-30198.351,1960
80,109,Hg,3/2-,,456,7.6 m,EC+B+:100 A:0.00003,7896.92,-29626.378,1955
80,110,Hg,0+,,1200,20.0 m,EC+B+:100 A:0.00000034,7907.02,-31370.625,1959
80,111,Hg,3/2(-),,2940,49 m,EC+B+:100,7903.8,-30591.849,1954
80,112,Hg,0+,,1.746e+04,4.85 h,EC:100,7912.07,-32011.481,1952
80,113,Hg,3/2(-),,1.368e+04,3.80 h,EC+B+:100,7907.97,-31062.165,1952
80,114,Hg,0+,,1.411e+10,447 Y,EC:100,7914.6,-32183.952,1962
80,115,Hg,1/2-,,3.791e+04,10.53 h,EC+B+:100,7909.4,-31013.342,1952
80,116,Hg,0+,0.15,STABLE,stable,,7914.37,-31825.944,1930
80,117,Hg,1/2-,,2.309e+05,64.14 h,EC:100,7908.64,-30540.231,1941
80,118,Hg,0+,10.04,STABLE,stable,,7911.55,-30954.315,1925
80,119,Hg,1/2-,16.94,STABLE,stable,,7905.28,-29546.066,1925
80,120,Hg,0+,23.14,STABLE,stable,,7905.9,-29503.267,1925
80,121,Hg,3/2-,13.17,STABLE,stable,,7897.56,-27662.529,1925
80,122,Hg,0+,29.74,STABLE,stable,,7896.85,-27345.31,1920
80,123,Hg,5/2-,,4.027e+06,46.610 d,B-:100,7887.48,-25269.203,1943
80,124,Hg,0+,6.82,STABLE,stable,,7885.55,-24690.148,1920
80,125,Hg,1/2-,,308.4,5.14 m,B-:100,7874.73,-22287.719,1940
80,126,Hg,0+,,499.2,8.32 m,B-:100,7869.17,-20945.728,1961
80,127,Hg,(9/2+),,174,2.9 m,B-:100,7848.61,-16487.446,1982
80,128,Hg,0+,,2460,41 m,B-:100,7834.19,-13265.408,1994
80,129,Hg,(9/2+),,36,36 s,B-:100,7813,-8610,1998
80,130,Hg,0+,,,,,7799,-5300,1998
80,131,Hg,,,3e-07,300 ns,B- B-N,7777,-390,2010
80,132,Hg,0+,,,,B-:100 B-N,7762,3020,2010
80,133,Hg,,,,,B-:100 B-N,7739,8200,2010
80,134,Hg,0+,,,,B-:100 B-N,7724,11770,2010
80,135,Hg,,,,,B-:100 B-N,7701,17110,2010
80,136,Hg,0+,,3e-07,300 ns,B- B-N,7685,20920,2010
81,95,Tl,(3- 4- 5-),,0.0052,5.2 ms,P:100,7707.94,584.728,2004
81,96,Tl,(1/2+),,0.018,18 ms,A:73 P:27,7732.17,-3340.103,1999
81,97,Tl,,,0.254,254 ms,A:53 EC+B+:47,7741,-4613,1997
81,98,Tl,(1/2+),,0.23,0.23 s,A:100 EC+B+ P,7763.49,-8269.632,1983
81,99,Tl,(5-),,1.09,1.09 s,EC+B+:94 A:6 ECSF:0.0032,7771.43,-9390.438,1987
81,100,Tl,(1/2+),,3.2,3.2 s,A:10,7791.92,-12798.749,1996
81,101,Tl,(7+),,3.1,3.1 s,EC+B+:97.5 A:5,7796.36,-13327.213,1991
81,102,Tl,(1/2+),,6.9,6.9 s,EC+B+:0 A,7815.67,-16587.261,1980
81,103,Tl,,,10.1,10.1 s,EC+B+:97.9 A:2.1,7818.67,-16883.355,1976
81,104,Tl,(1/2+),,19.5,19.5 s,EC+B+,7835.58,-19757.745,1976
81,105,Tl,(2-),,3.4,3.4 s,A,7837.52,-19882.94,1975
81,106,Tl,(1/2+),,51,51 s,EC+B+:100 A:0.03,7852.47,-22444.592,1976
81,107,Tl,(2-),,71,71 s,EC+B+:100,7853.05,-22336.403,1970
81,108,Tl,(1/2+),,138,2.3 m,EC+B+:100,7866.27,-24616.105,1972
81,109,Tl,2-,,156,2.6 m,EC+B+:100,7866.03,-24366.236,1970
81,110,Tl,(1/2+),,,,,7877.14,-26282.951,1974
81,111,Tl,(2-),,576,9.6 m,EC+B+:100,7876.02,-25872.249,1961
81,112,Tl,1/2(+),,1296,21.6 m,EC+B+:100,7885.34,-27477.218,1960
81,113,Tl,2-,,1980,33.0 m,EC+B+:100 A:0.0000001,7883.52,-26937.498,1960
81,114,Tl,1/2+,,4176,1.16 h,EC+B+:100,7890.73,-28155.292,1955
81,115,Tl,2-,,6624,1.84 h,EC+B+:100,7888.29,-27496.598,1955
81,116,Tl,1/2+,,1.022e+04,2.84 h,EC+B+:100,7893.57,-28354.222,1955
81,117,Tl,2-,,1.908e+04,5.3 h,EC+B+:100,7890.3,-27528.753,1949
81,118,Tl,1/2+,,2.671e+04,7.42 h,EC+B+:100,7893.88,-28059.397,1949
81,119,Tl,2-,,9.396e+04,26.1 h,EC+B+:100,7889.7,-27047.227,1949
81,120,Tl,1/2+,,2.628e+05,3.0420 d,EC:100,7891.27,-27180.778,1950
81,121,Tl,2-,,1.064e+06,12.31 d,EC+B+:100,7886.22,-25980.419,1940
81,122,Tl,1/2+,29.515,STABLE,stable,,7886.05,-25761.309,1931
81,123,Tl,2-,,1.194e+08,3.783 Y,B-:97.08 EC+B+:2.92,7880.02,-24346.07,1953
81,124,Tl,1/2+,70.485,STABLE,stable,,7878.39,-23820.802,1931
81,125,Tl,0-,,252.1,4.202 m,B-:100,7871.72,-22253.293,1935
81,126,Tl,1/2+,,286.2,4.77 m,B-:100,7866.8,-21034.436,1908
81,127,Tl,5+,,183.2,3.053 m,B-:100,7847.18,-16750.121,1909
81,128,Tl,1/2+,,129.7,2.162 m,B-:100,7833.4,-13644.793,1950
81,129,Tl,(5+),,78,1.30 m,B-:100 B-N:0.007,7813.59,-9246.996,1909
81,130,Tl,,,88,88 s,B-:100 B-N,7799.79,-6077.999,1998
81,131,Tl,(5+),,30.9,30.9 s,B-:100 B-N:1.8,7780,-1551,1998
81,132,Tl,(1/2+),,23.8,23.8 s,B-:100 B-N:7.6,7765.43,1783.811,2010
81,133,Tl,,,11,11.0 s,B-:100 B-N:34,7745,6465,2010
81,134,Tl,,,9.7,9.7 s,B-:100 B-N:4.6,7730,10030,2010
81,135,Tl,,,3e-07,300 ns,B- B-N,7709,14870,2010
81,136,Tl,,,,,B-:100 B-N,7693,18660,2010
82,96,Pb,0+,,0.00012,0.12 ms,A:100,7690.84,3573.371,2001
82,97,Pb,(9/2-),,0.0035,3.5 ms,A:100,7701.46,2051.608,2010
82,98,Pb,0+,,0.0041,4.1 ms,A:100,7725.7,-1941.069,1996
82,99,Pb,(13/2+),,0.045,45 ms,A:100,7734.07,-3110.631,1989
82,100,Pb,0+,,0.055,55 ms,A:98 EC+B+:2,7756.33,-6824.556,1986
82,101,Pb,(3/2-),,0.535,535 ms,A:90,7762.18,-7580.008,1980
82,102,Pb,0+,,0.49,490 ms,A:80 EC+B+:20,7782.73,-11051.586,1980
82,103,Pb,3/2-,,6.3,6.3 s,A:34 EC+B+,7786.93,-11541.211,1975
82,104,Pb,0+,,4.81,4.81 s,EC+B+:60 A:40,7805.34,-14680.897,1972
82,105,Pb,(3/2-),,15.2,15.2 s,EC+B+:90.5 A:9.5,7808.4,-14986.955,1972
82,106,Pb,0+,,25.5,25.5 s,EC+B+:91.5 A:8.5,7824.82,-17811.024,1972
82,107,Pb,(3/2-),,39,39 s,EC+B+:100 A:0.4,7826.3,-17844.019,1972
82,108,Pb,0+,,71,71 s,EC+B+:99.6 A:0.4,7841.13,-20416.607,1972
82,109,Pb,(3/2-),,79.8,1.33 m,EC+B+:99.987 A:0.013,7841.68,-20291.243,1974
82,110,Pb,0+,,210,3.5 m,EC+B+:99.9941 A:0.0059,7854.65,-22551.846,1974
82,111,Pb,(3/2-),,,,EC+B+,7854.1,-22229.255,1974
82,112,Pb,0+,,642,10.7 m,EC+B+:100 A:0.0000073,7865.42,-24207.866,1960
82,113,Pb,3/2-,,900,15 m,EC+B+:100,7864.06,-23738.039,1957
82,114,Pb,0+,,2220,37 m,EC+B+:100 A:0.00003,7873.34,-25348.234,1957
82,115,Pb,3/2-,,486,8.1 m,EC+B+:100,7871.28,-24745.385,1955
82,116,Pb,0+,,8640,2.4 h,EC+B+:100,7878.97,-26067.443,1955
82,117,Pb,3/2-,,5400,90 m,EC+B+:100,7875.74,-25231.734,1950
82,118,Pb,0+,,7.74e+04,21.5 h,EC:100,7881.81,-26250.858,1950
82,119,Pb,5/2-,,3.359e+04,9.33 h,EC+B+:100,7877.88,-25271.033,1950
82,120,Pb,0+,,1.657e+12,52.5E+3 Y,EC:100 A:1,7882.15,-25940.608,1954
82,121,Pb,5/2-,,1.869e+05,51.92 h,EC:100,7877.4,-24786.483,1942
82,122,Pb,0+,1.4,4.418e+24,1.4E+17 Y,A,7879.93,-25109.815,1932
82,123,Pb,5/2-,,5.365e+14,1.70E+7 Y,EC:100,7874.33,-23770.162,1954
82,124,Pb,0+,24.1,STABLE,stable,,7875.36,-23785.506,1927
82,125,Pb,1/2-,22.1,STABLE,stable,,7869.87,-22451.968,1927
82,126,Pb,0+,52.4,STABLE,stable,,7867.45,-21748.519,1927
82,127,Pb,9/2+,,1.164e+04,3.234 h,B-:100,7848.65,-17614.574,1940
82,128,Pb,0+,,7.006e+08,22.20 Y,B-:100 A:0.0000019,7835.97,-14728.429,1900
82,129,Pb,9/2+,,2166,36.1 m,B-:100,7817.01,-10493.012,1904
82,130,Pb,0+,,3.824e+04,10.622 h,B-:100,7804.32,-7548.929,1905
82,131,Pb,(9/2+),,612,10.2 m,B-:100,7785.17,-3203.598,1964
82,132,Pb,0+,,1624,27.06 m,B-:100,7772.4,-183.019,1904
82,133,Pb,(9/2+),,147,147 s,B-:100,7752.74,4342.245,1998
82,134,Pb,0+,,3e-07,300 ns,B-,7740,7510,2010
82,135,Pb,,,19.9,19.9 s,B-:100,7719,12260,2010
82,136,Pb,0+,,15,15 s,B-:100,7705,15630,2009
82,137,Pb,,,,,B-:100,7684,20620,2009
82,138,Pb,0+,,3e-07,300 ns,B-,7670,24130,2010
83,101,Bi,,,0.013,13 ms,A:100,7712,1254,2003
83,102,Bi,1/2+,,5.8e-05,58 us,P:90 A:10,7732,-2236,1996
83,103,Bi,(3+),,0.0148,14.8 ms,A:95.5 EC+B+:4.5 SF+EC+B+:0.02,7739.12,-3145.497,1997
83,104,Bi,(9/2-),,0.037,37 ms,A:100,7758.21,-6383.275,1999
83,105,Bi,(3+),,0.06,60 ms,A:100,7764.19,-7194.8,1980
83,106,Bi,(9/2-),,0.688,688 ms,A:100,7781,-10064.664,1973
83,107,Bi,(3+),,6.3,6.3 s,A:90 EC+B+:10 SF+EC+B+:0.000023,7785.32,-10595.906,1972
83,108,Bi,(9/2-),,12.4,12.4 s,A:51 EC+B+:49,7800.66,-13239.351,1972
83,109,Bi,(3+),,34.6,34.6 s,EC+B+:88 A:12,7803.61,-13534.537,1971
83,110,Bi,(9/2-),,63.6,63.6 s,EC+B+:96.5 A:3.5,7817.17,-15884.563,1971
83,111,Bi,(3+),,95,95 s,EC+B+:99.54 A:0.46,7819.2,-16023.02,1971
83,112,Bi,[9/2-],,183,183 s,EC+B+:99.97 A:0.03,7830.76,-18025.567,1971
83,113,Bi,(3+),,308,308 s,EC+B+:100 A:0.00115,7831.9,-18009.032,1976
83,114,Bi,(9/2-),,559.8,9.33 m,EC+B+:100 A:0.0001,7841.63,-19687.196,1971
83,115,Bi,(2+ 3+),,618,10.3 m,EC+B+:100,7841.21,-19373.851,1950
83,116,Bi,9/2-,,1620,27 m,EC+B+:100,7849.52,-20797.616,1950
83,117,Bi,7+,,2184,36.4 m,EC+B+:100,7848.5,-20370.574,1950
83,118,Bi,9/2-,,6180,103 m,EC+B+:100,7854.87,-21429.006,1950
83,119,Bi,5+,,6156,1.71 h,EC+B+:100,7852.59,-20750.854,1951
83,120,Bi,9/2-,,4.234e+04,11.76 h,EC+B+:100,7857.48,-21524.893,1950
83,121,Bi,6+,,4.039e+04,11.22 h,EC+B+:100,7854.22,-20645.927,1947
83,122,Bi,9/2-,,1.288e+06,14.91 d,EC+B+:100,7857.32,-21065.569,1951
83,123,Bi,6+,,5.394e+05,6.243 d,EC+B+:100,7853.32,-20028.201,1947
83,124,Bi,9/2-,,9.956e+08,31.55 Y,EC+B+:100,7854.51,-20054.554,1950
83,125,Bi,5+,,1.161e+13,3.68E+5 Y,EC+B+:100,7849.85,-18870.151,1953
83,126,Bi,9/2-,100,6.343e+26,2.01E19 Y,A:100,7847.99,-18258.589,1924
83,127,Bi,1-,,4.33e+05,5.012 d,B-:100 A:0.000132,7832.54,-14791.905,1905
83,128,Bi,9/2-,,128.4,2.14 m,A:99.724 B-:0.276,7819.77,-11859.116,1905
83,129,Bi,1(-),,3633,60.55 m,B-:64.06 A:35.94,7803.31,-8117.943,1905
83,130,Bi,9/2-,,2735,45.59 m,B-:97.86 A:2.14,7791.02,-5231.671,1947
83,131,Bi,1-,,1183,19.71 m,B-:99.979 A:0.021 B-A:0.003,7773.5,-1200.78,1904
83,132,Bi,(9/2-),,456,7.6 m,B-:100,7761.72,1629.272,1953
83,133,Bi,(6- 7-),,135,2.25 m,B-:100,7743.5,5873.988,1989
83,134,Bi,(9/2-),,98.5,98.5 s,B-:100,7731.85,8729.963,1998
83,135,Bi,(6- 7- 8-),,33,33 s,B-:100,7712.83,13216.038,1998
83,136,Bi,(9/2-),,22,22 s,B-:100,7700,16320,2009
83,137,Bi,,,3e-07,300 ns,B-,7681,20960,2010
83,138,Bi,,,3e-07,300 ns,B-N B-,7668,24200,2009
83,139,Bi,,,3e-07,300 ns,B-N B-,7648,28950,2009
83,140,Bi,,,3e-07,300 ns,B-N B-,7636,32240,2009
83,141,Bi,,,,,B-:100 B-N,7616,37070,2010
84,102,Po,0+,,2.8e-05,28 us,A:100,7695.95,4101.531,2005
84,103,Po,(1/2- 5/2-),,0.0014,1.40 ms,A:100,7704.79,2823.808,2005
84,104,Po,0+,,0.00027,0.27 ms,A:100,7724.65,-544.378,1999
84,105,Po,(5/2-),,0.0035,3.5 ms,A:100,7731.13,-1421.996,1999
84,106,Po,0+,,0.00245,2.45 ms,A:100,7749.45,-4562.708,1996
84,107,Po,(3/2-),,0.022,22 ms,A:99,7753.79,-5068.731,1993
84,108,Po,0+,,0.0322,32.2 ms,A:99.5 EC+B+:0.5,7771.05,-8066.483,1977
84,109,Po,(3/2-),,0.399,399 ms,A:100,7773.95,-8325.302,1967
84,110,Po,0+,,0.392,0.392 s,A:93 EC+B+:7,7789.29,-11004.617,1967
84,111,Po,(3/2-),,4.64,4.64 s,A:94 EC+B+:6,7791.32,-11116.655,1967
84,112,Po,0+,,5.8,5.8 s,A:98 EC+B+:2,7804.74,-13468.731,1967
84,113,Po,(3/2-),,84,84 s,EC+B+:56 A:44,7805.71,-13393.078,1965
84,114,Po,0+,,105.6,1.760 m,A:57 EC+B+:43,7817.56,-15473.278,1965
84,115,Po,(3/2-),,328.2,5.47 m,EC+B+:92.5 A:7.5,7817.66,-15238.829,1965
84,116,Po,0+,,690.6,11.51 m,EC+B+:88.9 A:11.1,7827.44,-16941.683,1951
84,117,Po,3/2-,,930,15.50 m,EC+B+:98.87 A:1.13,7826.56,-16521.166,1951
84,118,Po,0+,,2676,44.6 m,EC+B+:98.08 A:1.92,7834.81,-17941.569,1951
84,119,Po,5/2-,,2202,36.7 m,EC+B+:99.89 A:0.11,7832.86,-17310.819,1951
84,120,Po,0+,,1.267e+04,3.519 h,EC+B+:99.33 A:0.67,7839.08,-18341.045,1951
84,121,Po,5/2-,,6264,1.74 h,EC+B+:99.96 A:0.04,7836.22,-17521.398,1951
84,122,Po,0+,,7.603e+05,8.8 d,EC+B+:94.55 A:5.45,7840.6,-18188.668,1947
84,123,Po,5/2-,,2.088e+04,5.80 h,EC+B+:99.979 A:0.021,7836.67,-17145.7,1947
84,124,Po,0+,,9.145e+07,2.898 Y,A:99.996 EC+B+:0.004,7839.36,-17469.207,1947
84,125,Po,1/2-,,3.913e+09,124 Y,A:99.546 EC+B+:0.454,7835.19,-16366.015,1949
84,126,Po,0+,,1.196e+07,138.376 d,A:100,7834.35,-15953.06,1898
84,127,Po,9/2+,,0.516,0.516 s,A:100,7818.78,-12432.492,1913
84,128,Po,0+,,2.943e-07,294.3 ns,A:100,7810.24,-10369.408,1906
84,129,Po,9/2+,,3.706e-06,3.706 us,A:100,7794.02,-6653.519,1947
84,130,Po,0+,,0.0001635,163.46 us,A:100,7785.12,-4469.972,1912
84,131,Po,9/2+,,0.001781,1.781 ms,A:99.99977 B-:0.00023,7768.18,-541.771,1911
84,132,Po,0+,,0.145,0.145 s,A:100,7758.82,1782.336,1910
84,133,Po,(9/2+),,1.53,1.53 s,A:95 B-:5,7741.36,5883.452,1956
84,134,Po,0+,,185.8,3.097 m,A:99.98 B-:0.02,7731.53,8356.652,1904
84,135,Po,(9/2+),,620,620 s,B-:71.8 A:28.2,7713.33,12681.361,1998
84,136,Po,0+,,3e-07,300 ns,B-,7703.22,15263.462,1998
84,137,Po,,,112,112 s,B-:100,7684.48,19773.757,2010
84,138,Po,0+,,550,550 s,,7674.01,22486.268,2010
84,139,Po,,,3e-07,300 ns,B-,7655,27079,2010
84,140,Po,0+,,,,B-:100,7644,29910,2010
84,141,Po,,,3e-07,300 ns,B-,7626,34580,2010
84,142,Po,0+,,3e-07,300 ns,B-,7614,37549,2010
84,143,Po,,,3e-07,300 ns,B-,7596,42281,2010
85,106,At,(1/2+),,0.0017,1.7 ms,A:100,7702.92,3863.913,2003
85,107,At,(9- 10-),,0.088,88 ms,A:100,7709.73,2925.742,2006
85,108,At,(1/2+),,0.028,28 ms,A:100,7727.11,-67.323,2003
85,109,At,(4- 5-),,0.286,286 ms,A:100 SF+EC+B+:0.8 EC+B+,7732.23,-716.49,2009
85,110,At,(1/2+),,0.29,290 ms,A:100,7748.09,-3470.299,1999
85,111,At,(3+),,0.388,0.388 s,A:95.1 EC+B+:4.9,7752,-3913.175,1967
85,112,At,(9/2-),,0.388,0.388 s,A:96.1 EC+B+:3.9,7766.02,-6355.255,1967
85,113,At,(3+),,4.2,4.2 s,A:90 EC+B+:10,7769.34,-6708.747,1967
85,114,At,(9/2-),,7.03,7.03 s,A:90 EC+B+:10,7781.49,-8823.377,1967
85,115,At,(3+),,43,43 s,A:52 EC+B+:48,7783.76,-8987.894,1963
85,116,At,9/2-,,87.6,87.6 s,A:71 EC+B+:29,7794.15,-10789.441,1963
85,117,At,(2+ 3+),,184,184 s,EC+B+:63 A:37,7794.56,-10595.106,1961
85,118,At,9/2-,,444,7.4 m,EC+B+:69 A:31,7803.65,-12162.607,1951
85,119,At,7+,,547.2,9.12 m,EC+B+:96.09 A:3.91,7803.55,-11875.252,1961
85,120,At,9/2-,,1614,26.9 m,EC+B+:90 A:10,7810.27,-12984.519,1951
85,121,At,(5)+,,1836,30.6 m,EC+B+:99.1 A:0.9,7808.89,-12439.388,1961
85,122,At,9/2-,,6516,1.81 h,EC+B+:91.4 A:8.6,7813.97,-13227.482,1951
85,123,At,6+,,5868,1.63 h,EC+B+:99.45 A:0.55,7811.56,-12469.901,1950
85,124,At,9/2-,,1.951e+04,5.42 h,EC+B+:95.9 A:4.1,7814.78,-12883.773,1951
85,125,At,(5)+,,2.916e+04,8.1 h,EC+B+:99.825 A:0.175,7811.66,-11972.099,1949
85,126,At,9/2-,,2.597e+04,7.214 h,EC:58.2 A:41.8,7811.35,-11647.191,1940
85,127,At,(1-),,0.314,0.314 s,A:100,7798.34,-8628.149,1954
85,128,At,9/2-,,1.25e-07,125 ns,A:100,7790,-6579.522,1968
85,129,At,1-,,5.58e-07,558 ns,A:100,7776.36,-3379.151,1949
85,130,At,9/2-,,0.0001,0.10 ms,A:100,7767.86,-1256.583,1944
85,131,At,1-,,0.0003,0.30 ms,A:100 B-:0.006 EC:0.0000003,7753,2256.678,1948
85,132,At,9/2-,,0.0326,32.6 ms,A:99.993 B-:0.007,7744.62,4394.598,1947
85,133,At,(3- 2-),,1.28,1.28 s,A:99.95 B-:0.05,7729.12,8100.218,1943
85,134,At,(9/2-),,56,56 s,A:93.6 B-:6.4,7720.2,10396.021,1953
85,135,At,3,,222.6,3.71 m,B-:92 A:8,7703.7,14375.748,1989
85,136,At,,,138,2.3 m,B-:100,7694.48,16782.729,1989
85,137,At,,,54,54 s,B-:100,7677.39,20953.028,1989
85,138,At,,,50,50 s,B-:100,7668.06,23428.008,1989
85,139,At,,,78,1.3 m,B-,7650.74,27711.018,2010
85,140,At,,,3e-07,300 ns,B-,7641,30300,2010
85,141,At,,,3e-07,300 ns,B-,7624,34660,2010
85,142,At,,,3e-07,300 ns,B- B-N,7613,37430,2010
85,143,At,,,3e-07,300 ns,B-,7596,41880,2010
85,144,At,,,3e-07,300 ns,B-N B-,7585,44890,2010
86,107,Rn,,,0.00115,1.15 ms,A:100,7675.85,9042.92,2006
86,108,Rn,0+,,0.00078,0.78 ms,A:100,7695,5724.624,2006
86,109,Rn,3/2-,,0.006,6 ms,A:100,7700.38,5050.285,2001
86,110,Rn,0+,,0.0044,4.4 ms,A:99.9 EC+B+:0.06,7717.97,1975.169,1995
86,111,Rn,(3/2-),,0.065,65 ms,A:100,7722.12,1510.368,1995
86,112,Rn,0+,,0.065,65 ms,EC+B+ A,7737.72,-1230.32,1984
86,113,Rn,(3/2-),,0.59,0.59 s,A:94 EC+B+:6,7741.06,-1559.846,1980
86,114,Rn,0+,,1.03,1.03 s,A:86 EC+B+:14,7754.91,-4000.454,1971
86,115,Rn,(3/2-),,7,7.0 s,EC+B+ A,7757.02,-4107.413,1967
86,116,Rn,0+,,9.7,9.7 s,A:78 EC+B+:22,7769.3,-6274.561,1967
86,117,Rn,3/2-,,44.2,44.2 s,A:66 EC+B+:34,7770.34,-6184.045,1967
86,118,Rn,0+,,74.5,74.5 s,A:72.4 EC+B+:27.6,7780.57,-7970.115,1967
86,119,Rn,5/2-,,170,170 s,EC+B+:75.4 A:24.6,7780.72,-7709.764,1967
86,120,Rn,0+,,340.2,5.67 m,A:62 EC+B+:38,7789.04,-9132.918,1954
86,121,Rn,5/2-,,555,9.25 m,EC+B+:79 A:21,7788,-8634.742,1954
86,122,Rn,0+,,1461,24.35 m,A:62 EC+B+:38,7794.27,-9655.389,1955
86,123,Rn,5/2-,,1728,28.8 m,EC+B+:83 A:17,7792.18,-8941.049,1952
86,124,Rn,0+,,8640,2.4 h,A:96 EC+B+:4,7796.67,-9604.764,1952
86,125,Rn,1/2-,,5.256e+04,14.6 h,EC:72.6 A:27.4,7793.94,-8755.33,1952
86,126,Rn,0+,,1434,23.9 m,A:100,7794.8,-8659.219,1950
86,127,Rn,(9/2+),,0.0194,19.4 ms,A:100,7782.18,-5695.949,1967
86,128,Rn,0+,,2.59e-07,259 ns,A:100,7777.1,-4319.664,1970
86,129,Rn,9/2+,,2.3e-06,2.30 us,A:100,7763.82,-1168.99,1952
86,130,Rn,0+,,4.5e-05,45 us,A:100,7758.66,253.312,1949
86,131,Rn,9/2+,,0.00054,0.54 ms,A:100,7744.4,3658.566,1949
86,132,Rn,0+,,0.03375,33.75 ms,A:100,7738.75,5217.413,1948
86,133,Rn,5/2+,,3.96,3.96 s,A:100,7723.78,8829.337,1903
86,134,Rn,0+,,55.6,55.6 s,A:100,7717.26,10611.994,1900
86,135,Rn,7/2+,,1500,25 m,B-:78 A:22,7701.39,14471.354,1956
86,136,Rn,0+,,3.304e+05,3.8235 d,A:100,7694.5,16371.957,1899
86,137,Rn,7/2,,1458,24.3 m,B-:100,7678.17,20389.738,1964
86,138,Rn,0+,,6420,107 m,B-:100,7670.75,22445.098,1964
86,139,Rn,7/2-,,279.6,4.66 m,B-:100,7654.36,26534.143,1969
86,140,Rn,0+,,444,7.4 m,B-:100,7646.41,28747.194,1969
86,141,Rn,(5/2),,20.2,20.2 s,B-:100,7630.05,32885.835,1986
86,142,Rn,0+,,65,65 s,B-:100,7621.65,35243.466,1989
86,143,Rn,,,12,12.0 s,B-:100,7605.62,39362.4,2009
86,144,Rn,,,,,,7595,42170,2010
86,145,Rn,(1/2+),,,,B-:100,7579,46550,2010
87,110,Fr,(7/2-),,0.0006,0.6 ms,A:100,7673.76,10253.968,2013
87,111,Fr,,,0.015,15 ms,A:100,7679.19,9577.698,2013
87,112,Fr,,,0.012,12 ms,A:0 EC+B+,7695.26,6771.388,1999
87,113,Fr,(3+),,0.049,49 ms,A:100,7700.33,6133.578,1995
87,114,Fr,9/2-,,0.063,63 ms,A:100,7714.84,3588.573,1980
87,115,Fr,(3+),,0.3,0.30 s,A:100,7719.01,3101.538,1980
87,116,Fr,9/2-,,0.55,0.55 s,A:100,7731.71,876.412,1967
87,117,Fr,(3+),,1.8,1.8 s,A:92 EC+B+:8,7734.69,607.308,1964
87,118,Fr,9/2-,,3.9,3.90 s,A:98.5 EC+B+:1.5,7745.69,-1309.816,1964
87,119,Fr,(2+ 3+),,16,16 s,A:84 EC:16,7746.96,-1246.859,1964
87,120,Fr,9/2-,,14.8,14.8 s,A:95 EC+B+:5,7756.27,-2849.021,1964
87,121,Fr,7+,,59.1,59.1 s,A:89 EC+B+:11,7756.9,-2664.928,1964
87,122,Fr,9/2-,,50.5,50.5 s,A:89 EC+B+:11,7763.75,-3782.144,1964
87,123,Fr,6+,,190.8,3.18 m,A:60 EC+B+:40,7763.12,-3343.508,1964
87,124,Fr,9/2-,,186,3.10 m,A:80 EC:20,7768.36,-4140.314,1964
87,125,Fr,5+,,1200,20.0 m,EC+B+:57 A:43,7766.85,-3515.998,1950
87,126,Fr,9/2-,,34.17,34.17 s,A:99.44 EC+B+:0.56,7768.45,-3554.199,1964
87,127,Fr,(1-),,0.0055,5.5 ms,A:100,7757.74,-958.327,1967
87,128,Fr,9/2-,,8.6e-08,86 ns,A:100,7753.26,318.137,1970
87,129,Fr,(1-),,7e-07,0.70 us,A:100 EC:0.0000002,7742.45,2971.022,1970
87,130,Fr,9/2-,,2.2e-05,22 us,A:100,7737.77,4314.663,1968
87,131,Fr,1-,,0.0011,1.1 ms,A:100,7726.71,7059.44,1949
87,132,Fr,9/2-,,0.024,24 ms,A:100,7721.18,8616.939,1948
87,133,Fr,1+,,27.4,27.4 s,A:99.65 B-:0.35,7709.74,11482.332,1948
87,134,Fr,5/2-,,294,4.9 m,A:100 B-:0.1,7703.26,13277.251,1947
87,135,Fr,2-,,852,14.2 m,B-:100,7690.95,16378.103,1975
87,136,Fr,3/2(-),,1320,22.00 m,B-:99.994 A:0.006,7683.67,18382.329,1939
87,137,Fr,1(-),,199.8,3.33 m,B-:100,7670.37,21748.614,1969
87,138,Fr,3/2-,,237,3.95 m,B-:100,7662.94,23820.602,1969
87,139,Fr,1-,,49,49 s,B-:100,7648.38,27520.539,1969
87,140,Fr,1/2+,,148.2,2.47 m,B-:100,7640.72,29682.445,1972
87,141,Fr,2-,,38,38 s,B-:100,7626.37,33384.221,1972
87,142,Fr,,,50.2,50.2 s,B-:100,7618.34,35668.253,1975
87,143,Fr,,,19.1,19.1 s,B-:100,7603.71,39486.769,1987
87,144,Fr,(1/2+),,17.6,17.6 s,B-:100,7594.5,42080.575,1985
87,145,Fr,(5),,5.5,5.5 s,B-:100,7579.35,46072.834,1990
87,146,Fr,(1/2+),,0.9,0.9 s,B-:100 B-N,7569.24,48920.052,2010
88,113,Ra,3/2-,,0.008,8 ms,A:100,7669.41,11936.817,2005
88,114,Ra,0+,,0.016,16 ms,A:100,7685.57,9074.9,2005
88,115,Ra,3/2-,,0.031,31 ms,A:100,7689.8,8601.331,1996
88,116,Ra,0+,,0.057,57 ms,A:100,7704.12,6061.097,1995
88,117,Ra,(3/2-),,0.21,210 ms,A:100,7707.17,5803.853,1987
88,118,Ra,0+,,0.24,0.24 s,A:100,7719.8,3565.613,1967
88,119,Ra,(3/2- 5/2-),,1.35,1.35 s,A:86 EC+B+:14,7721.75,3513.988,1967
88,120,Ra,0+,,1.3,1.3 s,A:95 EC+B+:5,7732.02,1727.934,1967
88,121,Ra,5/2-,,4.8,4.8 s,A:100,7733.02,1858.24,1967
88,122,Ra,0+,,3.7,3.7 s,A:96 EC+B+:4,7741.37,442.839,1967
88,123,Ra,5/2(-),,13,13 s,A:93 EC+B+:7,7741.09,831.87,1967
88,124,Ra,0+,,13,13.0 s,A:85 EC+B+:15,7747.51,-198.763,1967
88,125,Ra,1/2-,,163.8,2.73 m,A:86 EC+B+:14,7746.47,345.557,1955
88,126,Ra,0+,,2.438,2.438 s,A:99.941 EC:0.059,7749.17,92.74,1967
88,127,Ra,(9/2+),,0.00166,1.66 ms,A:100,7739.32,2531.995,1967
88,128,Ra,0+,,1.82e-07,182 ns,A:100 EC:0.00000001,7737.35,3291.466,1972
88,129,Ra,(9/2+),,1.6e-06,1.6 us,A:100,7726.91,5889.536,1970
88,130,Ra,0+,,2.591e-05,25.91 us,A:100,7725.02,6645.556,1970
88,131,Ra,(7/2+),,0.009,9 ms,A:100,7714.06,9393.853,1952
88,132,Ra,0+,,0.018,18 ms,A:100,7711.69,10272.091,1949
88,133,Ra,5/2+,,28,28 s,A:100,7701.14,12963.877,1949
88,134,Ra,0+,,38,38.0 s,A:100 14C:0.00000003,7696.69,14320.205,1948
88,135,Ra,3/2+,,9.876e+05,11.43 d,A:100 14C:0.000000089 14C:0.000000077,7685.31,17233.245,1905
88,136,Ra,0+,,3.138e+05,3.6316 d,A:100 14C:0.000000004,7679.92,18825.832,1902
88,137,Ra,1/2+,,1.287e+06,14.9 d,B-:100 A:0.026,7667.59,21993.044,1947
88,138,Ra,0+,,5.049e+10,1600 Y,A:100 14C:0.0000000032,7661.96,23667.576,1898
88,139,Ra,3/2+,,2532,42.2 m,B-:100,7648.3,27177.464,1953
88,140,Ra,0+,,1.815e+08,5.75 Y,B-:100,7642.43,28940.194,1907
88,141,Ra,5/2+,,240,4.0 m,B-:100 A:100,7628.49,32561.963,1975
88,142,Ra,0+,,5580,93 m,B-:100,7621.91,34516.306,1978
88,143,Ra,(5/2+),,103.9,103.9 s,B-:100,7607.84,38216.488,1983
88,144,Ra,0+,,252,4.2 m,B-:100,7600.01,40496.955,1983
88,145,Ra,(1/2+),,30,30 s,B-:100,7585.56,44334.062,1990
88,146,Ra,0+,,30,30 s,B-:100,7576.54,46930.629,1990
89,116,Ac,(9/2-),,0.02,20 ms,A:100,7662.85,14106.689,2014
89,117,Ac,(3+),,0.022,22 ms,A:100,7667.85,13484.754,1998
89,118,Ac,(9/2-),,0.027,27 ms,A:100,7681.1,11146.228,1994
89,119,Ac,(3+),,0.095,95 ms,A:99 EC:1,7684.83,10760.854,1994
89,120,Ac,(9/2-),,0.087,0.087 s,A:100,7695.85,8844.887,1968
89,121,Ac,,,0.35,0.35 s,A:100 EC+B+,7698.02,8764.079,1968
89,122,Ac,9/2-,,0.21,0.21 s,A:100 EC+B+:0.2,7707.47,7143.485,1968
89,123,Ac,(7+),,0.88,880 ms,A:95 EC+B+:5,7708.45,7299.6,1968
89,124,Ac,9/2-,,0.738,738 ms,A:100,7715.59,6141.029,1968
89,125,Ac,5(+),,8.2,8.2 s,A:89 EC:11,7715.89,6433.272,1968
89,126,Ac,9/2-,,0.17,0.17 s,A:99.91 EC+B+:0.09,7719.41,6030.55,1968
89,127,Ac,(1-),,0.00044,440 us,A:100,7711.23,8149.736,1967
89,128,Ac,9/2-,,6.9e-08,69 ns,A:100 EC+B+:2,7710.34,8702.321,1972
89,129,Ac,(1-),,1.03e-06,1.03 us,A:100,7702.15,10850.845,1970
89,130,Ac,9/2-,,1.18e-05,11.8 us,A:100,7700.55,11569.553,1970
89,131,Ac,(3-),,0.0264,26.4 ms,A:100 EC:0.0005,7692.35,13743.755,1970
89,132,Ac,(3/2-),,0.052,52 ms,A:100,7690.5,14531.048,1968
89,133,Ac,1-,,5,5.0 s,A:99 EC+B+:1,7682.8,16621.797,1949
89,134,Ac,(5/2-),,126,2.10 m,A:99 EC:1,7679.15,17825.055,1948
89,135,Ac,(0-),,1.001e+04,2.78 h,EC:90.9 A:9.1,7670.14,20234.148,1948
89,136,Ac,(3/2-),,8.571e+05,9.920 d,A:100 14C:0.00000000053,7665.69,21637.305,1947
89,137,Ac,(1),,1.057e+05,29.37 h,B-:83 EC:17 A:0.006,7655.66,24309.201,1950
89,138,Ac,3/2-,,6.871e+08,21.772 Y,B-:98.62 A:1.38,7650.71,25849.515,1851
89,139,Ac,3+,,2.214e+04,6.15 h,B-:100,7639.2,28894.654,1908
89,140,Ac,(3/2+),,3762,62.7 m,B-:100,7633.24,30689.936,1952
89,141,Ac,(1+),,122,122 s,B-:100 B-SF:0.0000012,7621.46,33838.386,1973
89,142,Ac,1/2+,,450,7.5 m,B-:100,7615.08,35762.853,1973
89,143,Ac,(1+),,119,119 s,B-:100,7602.42,39154.423,1986
89,144,Ac,(1/2+),,143,143 s,B-:100,7595.19,41308.037,1983
89,145,Ac,,,44,44 s,B-:100,7582.13,44841.195,1986
89,146,Ac,,,62,62 s,,7573.51,47357.16,2006
89,147,Ac,,,72,1.2 m,B-:100,7559.24,51220.998,2010
90,117,Th,,,0.01,10 ms,A:100,,,
90,118,Th,0+,,0.0017,1.7 ms,A:100,7652.57,16688.041,2010
90,119,Th,(13/2+),,0.0025,2.5 ms,A:100,7656,16395,
90,120,Th,0+,,0.016,16 ms,A:100 EC+B+,7669.08,14059.521,1995
90,121,Th,,,0.037,37 ms,A EC+B+,7671.85,13876.396,1995
90,122,Th,0+,,0.0317,31.7 ms,A:100,7682.06,12110.886,1980
90,123,Th,5/2-,,0.146,146 ms,A:100,7683.85,12120.108,1968
90,124,Th,0+,,0.087,87 ms,A:100,7692.32,10694.932,1968
90,125,Th,(1/2-),,1.2,1.2 s,A:100,7693.03,10921.434,1968
90,126,Th,0+,,0.026,26.0 ms,A:100 EC+B+:0.01,7697.66,10298.537,1968
90,127,Th,(9/2+),,0.000252,0.252 ms,A:100,7690.59,12205.78,1968
90,128,Th,0+,,1.22e-07,122 ns,A:100,7691.6,12366.747,1973
90,129,Th,(9/2+),,1.025e-06,1.025 us,A:100,7683.77,14462.78,1973
90,130,Th,0+,,9.7e-06,9.7 us,A:100 EC:0.0000002,7684.5,14689.538,1973
90,131,Th,(7/2+),,0.00174,1.74 ms,A:100,7676.06,16939.926,1970
90,132,Th,0+,,0.00224,2.24 ms,A:100,7676.66,17203.039,1970
90,133,Th,(5/2)+,,0.6,0.60 s,A:100,7668.64,19385.402,1952
90,134,Th,0+,,1.04,1.04 s,A:100,7667.72,19995.581,1949
90,135,Th,(3/2+),,525,8.75 m,A:90 EC:10,7659.22,22310.193,1949
90,136,Th,0+,,1834,30.57 m,A:100,7657.12,23197.649,1948
90,137,Th,(1/2+),,1.615e+06,18.697 d,A:100,7647.46,25804.759,1906
90,138,Th,0+,,6.032e+07,1.9116 Y,A:100,7645.08,26770.899,1905
90,139,Th,5/2+,,2.487e+11,7880 Y,A:100,7634.65,29585.517,1947
90,140,Th,0+,0.02,2.379e+12,7.54E+4 Y,A:100 24NE:0.000000000058 SF:0.000000000004,7631,30862.512,1907
90,141,Th,5/2+,,9.205e+04,25.57 h,B-:100,7620.12,33815.811,1911
90,142,Th,0+,99.98,4.418e+17,1.40E10 Y,A:100 SF:0.0000000011,7615.03,35446.71,1898
90,143,Th,1/2+,,1310,21.83 m,B-:100,7602.89,38731.642,1935
90,144,Th,0+,,2.082e+06,24.10 d,B-:100,7596.86,40612.958,1900
90,145,Th,(1/2+),,432,7.2 m,B-:100,7584.39,44017.754,1969
90,146,Th,0+,,2250,37.5 m,B-:100,7576.97,46255.203,1973
90,147,Th,(5/2+),,288,4.8 m,B-:100,7563.44,49955.097,1993
90,148,Th,0+,,564,9.4 m,B-:100,7555,52525,1999
91,120,Pa,,,3e-07,300 ns,A EC+B+ P,7629.39,22052.226,2006
91,121,Pa,,,0.0051,5.1 ms,A:100,7633.63,21596.523,1997
91,122,Pa,9/2-,,0.0053,5.3 ms,A:100,7644.8,19654.194,1995
91,123,Pa,,,0.017,17 ms,A:100,7647.7,19459.895,1995
91,124,Pa,(9/2-),,0.014,14 ms,A:100,7657.37,17804.537,1979
91,125,Pa,,,0.15,0.15 s,A:98 EC:2,7659.2,17823.799,1972
91,126,Pa,(9/2-),,0.0038,3.8 ms,A:100,7664.64,17054.748,1968
91,127,Pa,(8-),,0.000109,109 us,A:100,7659.19,18649.568,1979
91,128,Pa,9/2-,,5.4e-08,54 ns,A:100,7661.38,18583.223,2005
91,129,Pa,,,7.8e-07,0.78 us,A:100 EC+B+:0.0000003,7655.54,20278.397,1987
91,130,Pa,9/2-,,5.9e-06,5.9 us,A:100,7656.98,20374.937,1983
91,131,Pa,,,0.0029,2.9 ms,A:100,7651.24,22064.361,1970
91,132,Pa,,,0.0051,5.1 ms,A:100,7651.9,22337.614,1970
91,133,Pa,(5-),,0.846,0.846 s,A:100,7646.96,23862.351,1958
91,134,Pa,,,1.7,1.7 s,A:100,7646.65,24356.64,1958
91,135,Pa,,,108,1.8 m,A:74 EC+B+:26,7641.11,26033.6,1949
91,136,Pa,(5/2-),,2298,38.3 m,A:85 EC:15,7639.49,26830.371,1948
91,137,Pa,3+,,7.92e+04,22 h,EC+B+:98.15 A:1.85,7632.21,28923.599,1948
91,138,Pa,(5/2+),,1.296e+05,1.50 d,EC:99.52 A:0.48,7629.88,29896.848,1949
91,139,Pa,2-,,1.503e+06,17.4 d,EC+B+:92.2 B-:7.8 A:0.0032,7621.9,32173.543,1948
91,140,Pa,3/2-,100,1.028e+12,32570 Y,A:100 SF:0.0000000003,7618.43,33424.338,1918
91,141,Pa,(2-),,1.14e+05,1.32 d,B-:100 EC,7609.51,35946.549,1949
91,142,Pa,3/2-,,2.331e+06,26.975 d,B-:100,7604.87,37489.41,1938
91,143,Pa,4+,,2.412e+04,6.70 h,B-:100,7594.68,40338.87,1921
91,144,Pa,(3/2-),,1464,24.4 m,B-:100,7588.41,42288.901,1950
91,145,Pa,1(+),,546,9.1 m,B-:100,7577.56,45333.955,1963
91,146,Pa,(1/2+),,522,8.7 m,B-:100,7570.38,47527.624,1954
91,147,Pa,(3-),,136.8,2.28 m,B-:100,7558.34,50894.043,1968
91,148,Pa,(3/2),,6480,1.8 h,B-:100,7550,53337,1995
92,122,U,0+,,0.00052,0.52 ms,A:100,,,
92,123,U,,,0.0007,0.7 ms,A:0 EC+B+,7620.78,24889.312,2015
92,124,U,0+,,0.0045,4.5 ms,A:100,7631.31,23066.429,2015
92,125,U,,,0.016,16 ms,A:100 EC+B+,7634,22971,2000
92,126,U,0+,,0.00065,0.65 ms,A:100,7640.72,21894.655,1992
92,127,U,,,6e-05,60 us,A:100,7636.29,23295.953,1993
92,129,U,(9/2+),,6.6e-07,0.66 us,A:100,7634.68,24519.996,2015
92,130,U,0+,,4.7e-06,4.7 us,A:100,7637.77,24272.834,1983
92,131,U,,,1.8e-05,18 us,A:100 EC+B+:0.2,7631.76,26045.278,1991
92,132,U,0+,,0.000396,396 us,A:100,7635.07,25742.69,1991
92,133,U,,,0.069,69 ms,A:100,7629.77,27372.001,1989
92,134,U,0+,,0.268,268 ms,A:100,7631.92,27328.797,1973
92,135,U,(3/2+),,66,1.1 m,A:100,7626.29,29045.034,1952
92,136,U,0+,,546,9.1 m,A:95 EC:5,7627.48,29220.001,1949
92,137,U,(3/2+),,3480,58 m,EC:80 A:20,7620.72,31210.62,1949
92,138,U,0+,,1.748e+06,20.23 d,A:100 {+22}Ne:0.0000000000048,7620.92,31615.017,1948
92,139,U,(5/2-),,3.629e+05,4.2 d,EC:100 A:0.004,7613.39,33805.952,1949
92,140,U,0+,,2.174e+09,68.9 Y,A:100 {+24}Ne:0.00000000089 SF:0.0000000000027,7611.9,34609.445,1949
92,141,U,5/2+,,5.024e+12,1.5919E5 Y,A:100 24NE:0.000000000072 SF:0.00000000006,7603.96,36919.111,1947
92,142,U,0+,0.0054,7.747e+12,2.455E+5 Y,A:100 SF:0.00000000164 Mg:0.000000000014,7600.72,38144.959,1912
92,143,U,7/2-,0.7204,2.222e+16,7.04E+8 Y,A:100 SF:0.000000007 {+25}Ne:0.0000000008,7590.92,40918.782,1935
92,144,U,0+,,7.391e+14,2.342E7 Y,A:100 SF:0.000000094,7586.49,42444.582,1951
92,145,U,1/2+,,5.834e+05,6.752 d,B-:100,7576.1,45390.133,1940
92,146,U,0+,99.2742,1.41e+17,4.468E9 Y,A:100 SF:0.0000545,7570.13,47307.732,1896
92,147,U,5/2+,,1407,23.45 m,B-:100,7558.56,50572.668,1937
92,148,U,0+,,5.076e+04,14.1 h,B-:100,7551.77,52715.497,1953
92,149,U,,,,,B-,7539,56197,
92,150,U,0+,,1008,16.8 m,B-:100,7532,58620,1979
92,151,U,,,,,B-,7518,62480,
92,152,U,0+,,,,B-,,,
92,153,U,,,,,B-,,,
92,154,U,0+,,,,B-,,,
92,155,U,,,,,B-,,,
92,156,U,0+,,,,B-,,,
92,157,U,,,,,B-,,,
92,158,U,0+,,,,B-,,,
92,159,U,,,,,B-,,,
92,161,U,,,,,B- B-N,,,
92,162,U,0+,,,,B-:100 B-N,,,
92,163,U,,,,,B- B-N,,,
93,126,Np,(9/2-),,0.00015,0.15 ms,A:100 P,7604.67,29436.951,2015
93,127,Np,,,2.5e-05,25 us,A:100,7602.08,30475.022,2019
93,129,Np,,,3.8e-07,0.38 us,A:100,7602.7,31274.641,2020
93,130,Np,(9/2-),,2.2e-06,2.2 us,A:100,7607.57,30658.583,2017
93,131,Np,,,3.8e-05,38 us,A:100,7603.5,32032.248,2018
93,132,Np,,,0.0036,3.6 ms,A:100 EC+B+,7607.42,31618.098,1994
93,133,Np,,,0.035,35 ms,A:100,7604.17,32816.877,1990
93,134,Np,,,0.51,0.51 s,A:100,7607.28,32579.018,1990
93,135,Np,,,61.4,61.4 s,EC:60 A:40,7604,33825,1994
93,136,Np,,,240,4.0 m,A:68 EC:32,7605.99,33801.378,1968
93,137,Np,,,276,4.6 m,EC+B+:97 A:3,7601.78,35236.615,1968
93,138,Np,(5/2-),,2928,48.8 m,EC+B+:98 A:2,7602.13,35623.686,1950
93,139,Np,(4+),,882,14.7 m,EC+B+:100 A:0.0002,7597,37359,1950
93,140,Np,(5/2+),,2172,36.2 m,EC:100 A:0.0007,7596.18,37948.531,1950
93,141,Np,(0+),,3.802e+05,4.4 d,EC+B+:100,7589.64,39954.806,1949
93,142,Np,5/2+,,3.422e+07,396.1 d,EC:99.9974 A:0.0026,7587.06,41043.044,1949
93,143,Np,6(-),,4.891e+12,1.55E+5 Y,EC:87.8 B-:12 A:0.16,7579.21,43378.094,1949
93,144,Np,5/2+,,6.766e+13,2.144E+6 Y,A:100 SF:0.0000000002,7574.99,44871.599,1948
93,145,Np,2+,,1.814e+05,2.099 d,B-:100,7566.22,47454.597,1949
93,146,Np,5/2+,,2.036e+05,2.356 d,B-:100,7560.57,49311.005,1940
93,147,Np,(5+),,3714,61.9 m,B-:100,7550.17,52316.229,1953
93,148,Np,5/2+,,834,13.9 m,B-:100,7544.04,54315.115,1959
93,149,Np,(1+),,132,2.2 m,B-:100,7533.4,57416.876,1979
93,150,Np,(5/2),,111,1.85 m,B-:100,7526,59806,1979
93,151,Np,(7-),,137.4,2.29 m,B-:100,7514,63240,1987
94,134,Pu,0+,,1.1,1.1 s,A:100,7590.4,36107.809,1994
94,135,Pu,(3/2+),,90,90 s,A:100,7586.88,37394.924,1994
94,136,Pu,,,102,102 s,A:100,7591,36932.17,1990
94,137,Pu,(3/2+),,516,8.6 m,EC+B+:90 A:10,7587.12,38308.577,1999
94,138,Pu,0+,,2028,33.8 m,EC:90 A:10,7588.98,38360.915,1973
94,139,Pu,,,1254,20.9 m,EC+B+:99.88 A:0.12,7583.8,40051.836,1957
94,140,Pu,0+,,3.168e+04,8.8 h,EC:94 A:6,7584.61,40349.986,1949
94,141,Pu,(5/2+),,1518,25.3 m,EC+B+:99.9972 A:0.0028,7578.88,42182.346,1957
94,142,Pu,0+,,9.019e+07,2.858 Y,A:100 SF:0.00000019,7577.92,42901.508,1949
94,143,Pu,7/2-,,3.943e+06,45.64 d,EC:99.9958 A:0.0042,7570.76,45091.662,1949
94,144,Pu,0+,,2.768e+09,87.7 Y,A:100 SF:0.00000019,7568.36,46163.148,1949
94,145,Pu,1/2+,,7.608e+11,24110 Y,A:100 SF:0.00000000031,7560.32,48588.22,1946
94,146,Pu,0+,,2.07e+11,6561 Y,A:100 SF:0.0000057 {+34}Si:0.000000000013,7556.04,50125.319,1949
94,147,Pu,5/2+,,4.522e+08,14.329 Y,B-:99.998 A:0.00247 SF:0.000000000000024,7546.44,52955.115,1949
94,148,Pu,0+,,1.177e+13,3.73E+5 Y,A:100 SF:0.000553,7541.33,54716.876,1950
94,149,Pu,7/2+,,1.784e+04,4.956 h,B-:100,7531.01,57754.561,1951
94,150,Pu,0+,,2.566e+15,8.13E+7 Y,A:99.877 SF:0.123,7524.82,59806.021,1954
94,151,Pu,(9/2-),,3.78e+04,10.5 h,B-:100,7513.28,63178.173,1955
94,152,Pu,0+,,9.366e+05,10.84 d,B-:100,7506.54,65394.772,1955
94,153,Pu,(1/2+),,1.961e+05,2.27 d,B-:100,7493,69210,1983
95,128,Am,,,0.005,5 ms,A:100,7547,42700,2015
95,134,Am,,,0.9,0.9 s,A:91 EC+B+:9,7562.57,42180.414,2015
95,135,Am,,,31,31 s,EC:100 SF,7562,42872,2003
95,137,Am,,,79,79 s,EC:97 A:3 ECSF:0.069,7564,43420,1967
95,138,Am,,,192,3.2 m,EC+B+:95.5 A:4.5,7567,43285,2000
95,139,Am,,,139.2,2.32 m,EC:100 A,7564,44462,1967
95,140,Am,5/2-,,618,10.3 m,EC:99.6 A:0.4,7565.16,44624.602,1996
95,141,Am,5-,,216,3.6 m,EC:100 A:0.004,7561,46041,1998
95,142,Am,5/2(-),,4416,73.6 m,EC+B+:99.975 A:0.025,7561,46570,1970
95,143,Am,1+,,5880,98 m,EC+B+:100 A:0.0001,7555.59,48421.421,1950
95,144,Am,(5/2)-,,4.284e+04,11.9 h,EC:99.99 A:0.01,7553.69,49390.36,1949
95,145,Am,(3-),,1.829e+05,50.8 h,EC:100 A:0.00019,7547.01,51510.11,1949
95,146,Am,5/2-,,1.365e+10,432.6 Y,A:100 SF:0.00000000036,7543.28,52934.335,1949
95,147,Am,1-,,5.764e+04,16.01 h,B-:83 EC:17 A:0.0001,7534.99,55468.014,1949
95,148,Am,5/2-,,2.324e+11,7364 Y,A:100 SF:0.0000000037,7530.17,57175.005,1950
95,149,Am,(6-),,3.636e+04,10.1 h,B-:100,7521.31,59879.135,1950
95,150,Am,(5/2)+,,7380,2.05 h,B-:100,7515.3,61900.417,1955
95,151,Am,(7-),,2340,39 m,B-:100,7505,64994,1955
95,152,Am,(5/2),,1380,23.0 m,B-:100,7499,67153,1967
95,153,Am,,,,,,7487,70563,
96,137,Cm,,,23,23 s,EC+B+:80 A:20,7546,47293.34,2001
96,138,Cm,0+,,51,51 s,A:40 SF:40 EC+B+:20,7550.69,46722.411,2001
96,139,Cm,,,,,A:1.1,7547,48013,1981
96,140,Cm,0+,,408,6.8 m,EC:82 A:18,7550.31,47852.82,2010
96,141,Cm,,,,,A:1,7546.62,49247.151,2002
96,142,Cm,0+,,7920,2.2 h,EC:96.16 A:3.84 SF:0.048,7548,49445.203,1994
96,143,Cm,(7/2-),,9720,2.7 h,EC:100 A:0.001,7543.07,51146.962,1952
96,144,Cm,0+,,2.333e+06,27 d,A:99.5 EC:0.5 SF:0.0000039,7542.86,51724.222,1949
96,145,Cm,1/2+,,2.834e+06,32.8 d,EC:99 A:1,7536.85,53701.77,1952
96,146,Cm,0+,,1.407e+07,162.88 d,A:100 SF:0.0000062 34SI:0.00000000000001,7534.5,54803.699,1949
96,147,Cm,5/2+,,9.183e+08,29.1 Y,A:99.71 EC:0.29 SF:0.0000000053,7526.93,57181.936,1950
96,148,Cm,0+,,5.715e+08,18.11 Y,A:100 SF:0.000137,7523.95,58451.835,1950
96,149,Cm,7/2+,,2.658e+11,8423 Y,A:100 SF:0.00000061,7515.77,61004.524,1954
96,150,Cm,0+,,1.485e+11,4706 Y,A:99.97385 SF:0.02615,7511.47,62616.912,1954
96,151,Cm,9/2-,,4.923e+14,1.56E+7 Y,A:100,7501.93,65533.105,1954
96,152,Cm,0+,,1.098e+13,3.48E+5 Y,A:91.61 SF:8.39,7496.73,67392.748,1956
96,153,Cm,1/2+,,3849,64.15 m,B-:100,7485.55,70750.696,1956
96,154,Cm,0+,,2.619e+11,8.3E+3 Y,SF:74 A:18 B-:8,7478.94,72989.588,1966
96,155,Cm,(1/2+),,1008,16.8 m,B-:100,7466.72,76647.981,1978
97,136,Bk,,,21,21 s,EC+B+ A,7519,52771,2015
97,137,Bk,,,140,1.4E2 s,A:80 EC:20,7519,53395,2003
97,139,Bk,(4+ 6-),,22,22 s,EC+B+:83 A:17 SF+EC+B+:4,7523,53542,2017
97,141,Bk,,,144,144 s,EC+B+:100 SF+EC+B+:0.048,7525,54216,1994
97,142,Bk,(3/2- 7/2+),,,,EC:99 SF:1 A:1,7527,54250,1989
97,143,Bk,,,288,4.8 m,ECSF:0.002 EC+B+,7523,55664,1980
97,144,Bk,(7/2+),,276,4.6 m,A EC+B+,7524,55981,2003
97,145,Bk,,,420,7.0 m,EC+B+:99.5 A:0.5,7519,57752,1972
97,146,Bk,(3/2-),,1.656e+04,4.6 h,EC+B+:99.85 A:0.15,7517.5,58689.629,1950
97,147,Bk,(4-),,1.807e+04,5.02 h,EC:99.994 A:0.006,7511.48,60713.825,1972
97,148,Bk,3/2-,,4.277e+05,4.95 d,EC:99.88 A:0.12,7509.27,61813.776,1951
97,149,Bk,2(-),,1.555e+05,1.80 d,EC+B+:100,7502.8,63966.912,1954
97,150,Bk,3/2-,,4.355e+10,1380 Y,A:100,7498.94,65489.521,1965
97,151,Bk,(6+ 8-),,2.84e+08,9 Y,,7490.6,68131.053,1956
97,152,Bk,7/2+,,2.851e+07,330 d,B-:99.99855 A:0.00145 SF:0.000000047,7486.04,69846.333,1954
97,153,Bk,2-,,1.156e+04,3.212 h,B-:100,7475.96,72952.006,1954
97,154,Bk,(3/2-),,3336,55.6 m,B-:100,7469.26,75227.981,1967
97,156,Bk,,,600,10 m,,7451,80929,1991
98,138,Cf,,,,,,,,
98,139,Cf,,,2.1,2.1 s,A:70 SF:10,7503.35,57938.255,1995
98,140,Cf,0+,,0.0211,21.1 ms,SF:95 A:5,7509,57278,1995
98,141,Cf,,,39,39 s,EC A,7507,58202,1981
98,142,Cf,0+,,57.6,0.96 m,A:98 SF:2 EC+B+,7510.24,57988.719,1970
98,143,Cf,(7/2-),,226.8,3.78 m,EC+B+:75 A:25,7507,59327,1970
98,144,Cf,0+,,210,3.5 m,A:61 EC+B+:39 SF:0.014,7509.1,59386.982,1967
98,145,Cf,(1/2+),,642,10.7 m,EC+B+:86 A:14,7505,60990,1967
98,146,Cf,0+,,1164,19.4 m,A:100,7505.14,61478.096,1956
98,147,Cf,1/2+,,2700,45.0 m,EC:64.7 A:35.3,7499.66,63385.151,1956
98,148,Cf,0+,,1.285e+05,35.7 h,A:100 EC:0.004 SF:0.00024,7499.12,64090.228,1951
98,149,Cf,(7/2+),,1.12e+04,3.11 h,EC:99.965 A:0.035,7493.26,66109.392,1954
98,150,Cf,0+,,2.881e+07,333.5 d,A:99.9971 SF:0.0029,7491.04,67237.951,1954
98,151,Cf,9/2-,,1.108e+10,351 Y,A:100 SF:0.0000005,7483.4,69722.733,1954
98,152,Cf,0+,,4.128e+08,13.08 Y,A:99.923 SF:0.077,7479.96,71170.336,1954
98,153,Cf,1/2+,,2.834e+10,898 Y,A:100 SF,7470.5,74134.981,1954
98,154,Cf,0+,,8.353e+07,2.647 Y,A:96.898 SF:3.102,7465.35,76034.61,1954
98,155,Cf,(7/2+),,1.539e+06,17.81 d,B-:99.69 A:0.31,7454.83,79301.562,1954
98,156,Cf,0+,,5.227e+06,60.5 d,SF:99.69 A:0.31,7449.23,81341.395,1955
98,157,Cf,(7/2+),,5100,85 m,B-:100,7438,84809,1981
98,158,Cf,0+,,738,12.3 m,SF:100 A:0.000001,7432,87041,1980
99,141,Es,(1+),,6,6 s,A:70 EC+B+:30 ECSF:4.8,7481,64225,2017
99,142,Es,,,8,8 s,A EC+B+,7485,63893,1996
99,143,Es,,,17.8,17.8 s,A:57 EC+B+:43,7483,64801,1994
99,144,Es,(7/2+),,21,21 s,A:61 EC+B+:39 SF:1,7486,64747,1973
99,145,Es,,,37,37 s,EC:96 A:4,7483,66026,1973
99,146,Es,(3/2-),,66,1.1 m,EC:60 A:40,7485,66315,1967
99,147,Es,,,450,7.5 m,EC+B+:90.1 A:9.9,7480.78,67818.802,1954
99,148,Es,(3/2-),,,,,7480.1,68578.393,1967
99,149,Es,(2- 0+),,1440,24 m,EC:99.7 A:0.25,7476,70299,1956
99,150,Es,7/2+,,6132,102.2 m,EC+B+:99.43 A:0.57,7474,71175,1956
99,151,Es,(6+),,3.096e+04,8.6 h,EC:97 A:3,7469,73225,1956
99,152,Es,3/2-,,1.188e+05,33 h,EC:99.5 A:0.5,7465.88,74511.547,1956
99,153,Es,(5-),,4.075e+07,471.7 d,A:78 EC:22,7457.24,77294.61,1956
99,154,Es,7/2+,,1.769e+06,20.47 d,A:100 SF:0.0000087,7452.89,79010.486,1954
99,155,Es,(7+),,2.382e+07,275.7 d,A:100 B-:0.000174 SF:0.000003,7443.58,81994.151,1954
99,156,Es,(7/2+),,3.439e+06,39.8 d,B-:92 A:8 SF:0.0041,7437.82,84089.237,1954
99,157,Es,(1+ 0-),,1524,25.4 m,B-:100,7428,87185,1976
99,158,Es,,,6.653e+05,7.7 d,B- SF,7422,89403,1987
100,141,Fm,,,0.00073,0.73 ms,SF:78 A:14 EC:12,7459,69220,2008
100,142,Fm,0+,,0.0008,0.8 ms,SF:100,7465,68400,1975
100,143,Fm,(7/2-),,0.231,231 ms,A:91 EC+B+:10 SF:9,7464,69316,1981
100,144,Fm,0+,,0.00312,3.12 ms,SF:97 EC:2 A:1,7468,68964,1967
100,145,Fm,,,4.2,4.2 s,A:100,7465,70192,1967
100,146,Fm,0+,,1.54,1.54 s,A:93.2 SF:6.8 EC:1.3,7467.96,70191.187,1966
100,147,Fm,(7/2+),,31,31 s,A:64 EC+B+:36,7464,71672,1967
100,148,Fm,0+,,34.5,34.5 s,A:95 EC:5 SF:0.1,7465.95,71897.793,1958
100,149,Fm,(7/2+),,156,2.6 m,EC+B+:67 A:33,7461.86,73519.143,1960
100,150,Fm,0+,,1800,30 m,A:90 EC:10 SF:0.0069,7462.09,74072.193,1954
100,151,Fm,(9/2-),,1.908e+04,5.30 h,EC+B+:98.2 A:1.8,7457,75958.808,1957
100,152,Fm,0+,,9.14e+04,25.39 h,A:99.9977 SF:0.0023,7456.04,76816.611,1956
100,153,Fm,1/2+,,2.592e+05,3.00 d,EC:88 A:12,7448.47,79345.549,1957
100,154,Fm,0+,,1.166e+04,3.240 h,A:99.9408 SF:0.0592,7444.79,80902.521,1954
100,155,Fm,7/2+,,7.225e+04,20.07 h,A:100 SF:0.000024,7435.89,83800.465,1954
100,156,Fm,0+,,9426,157.1 m,SF:91.9 A:8.1,7431.79,85484.796,1955
100,157,Fm,(9/2+),,8.683e+06,100.5 d,A:99.79 SF:0.21,7422.19,88590.137,1964
100,158,Fm,0+,,0.00037,370 us,SF:100,7418,90426,1971
100,159,Fm,,,1.5,1.5 s,SF:100,7407,93704,1980
101,143,Md,,,0.38,0.38 s,A:100 EC+B+:14,7438,75597,2020
101,144,Md,(1/2-),,0.0009,0.90 ms,A SF,7441,75325,1996
101,145,Md,,,0.9,0.9 s,A:100 SF EC,7441,76115,1996
101,146,Md,(7/2-),,1.2,1.2 s,A:99.9 SF:0.1,7444,75936,1981
101,147,Md,,,7,7 s,EC:80 A:20,7442,76948,1973
101,148,Md,(7/2-),,21.7,21.7 s,A:60 EC+B+:40,7444.02,77180.952,1973
101,149,Md,,,52,52 s,EC:93 A:7,7441.65,78399.14,1973
101,150,Md,(7/2-),,240,4.0 m,EC+B+:90 A:10,7441.9,78966.749,1973
101,151,Md,,,138,2.3 m,EC:100,7438.44,80467.118,1973
101,152,Md,(7/2-),,360,6 m,EC+B+:99.3 A:0.7,7438,81173,1992
101,153,Md,,,600,10 m,EC+B+:100,7432,83453,1970
101,154,Md,(7/2-),,1620,27 m,EC:93 A:7,7428.73,84842.069,1958
101,155,Md,(1-),,4662,77.7 m,EC:90.8 A:9.2 SF:3,7421,87456,1955
101,156,Md,(7/2-),,1.987e+04,5.52 h,EC:85 A:15 SF:1,7417.58,88992.472,1965
101,157,Md,(8-),,4.45e+06,51.50 d,A:100,7409.66,91690.35,1970
101,158,Md,,,5760,1.60 h,SF:100 A:1.3,7405,93564,1982
101,159,Md,,,2.748e+06,31.8 d,SF:42 A:25 EC:23,7396,96550,1989
102,146,No,,,2e-06,2 us,,7424,80689,2003
102,147,No,(5/2+),,0.0381,38.1 ms,A:100 SF:0.23 ECP,7422,81787,2003
102,148,No,0+,,4.2e-06,4.2 us,SF:100 A:2,7426,81566,2003
102,149,No,(7/2+),,0.8,0.80 s,A:91 SF:0.3 EC+B+,7423,82849,1967
102,150,No,0+,,2.46,2.46 s,A:65.3 SF:33 EC+B+:1.7,7425.8,82871.37,1967
102,151,No,(9/2-),,97.2,1.62 m,A:55 EC+B+:45,7422.47,84358.696,1967
102,152,No,0+,,51.2,51.2 s,A:90 EC:10 SF:0.17,7423.59,84723.312,1966
102,153,No,(1/2+),,211.2,3.52 m,EC+B+:70 A:30,7417.94,86811.934,1967
102,154,No,0+,,2.91,2.91 s,A:99.47 SF:0.53,7416.54,87823.046,1963
102,155,No,(3/2+),,24.5,24.5 s,A:85 EC:30 SF:1.5,7409.66,90247.064,1967
102,156,No,0+,,0.0012,1.2 ms,SF:100,7407,91477,1989
102,157,No,(9/2+),,3480,58 m,A:75 EC+B+:25 SF:10,7399.97,94079.381,1973
102,158,No,0+,,0.106,106 ms,SF:100,7397,95610,1985
102,160,No,0+,,0.005,5 ms,SF:100,7385,100101,1988
103,149,Lr,,,0.33,0.33 s,EC+B+:60 A:40 SF:2,7400,88537,2001
103,150,Lr,(7/2-),,0.57,0.57 s,A:98.7 SF:1.3,7402.92,88523.471,1985
103,151,Lr,,,18.1,18.1 s,A:71.7 EC+B+:28.3 SF:0.1,7401.13,89645.887,1981
103,152,Lr,[1/2-],,31.1,31.1 s,A:99.7 EC:0.3 SF:0.1,7402.58,89947.305,1971
103,153,Lr,,,27.9,27.9 s,A:85 EC:15 SF:0.03,7398.16,91746.603,1965
103,154,Lr,,,4,4 s,A:100 EC:15 SF:0.033,7397,92665,1971
103,155,Lr,,,3.92,3.92 s,A:97.4 EC:2.6,7392,94782,1971
103,156,Lr,,,6.2,6.2 s,A:78 SF:22,7390,95851,1971
103,157,Lr,,,180,180 s,A:80 EC:40,7383,98277,1971
103,158,Lr,,,2340,39 m,SF,7381,99557,1987
103,159,Lr,,,1.44e+04,4 h,SF:10 A EC+B+,7374,102105,1987
103,161,Lr,,,1.764e+04,4.9 h,SF:100,7363,106375,
103,163,Lr,,,3.96e+04,11 h,SF:100,7349,111662,2014
104,149,Rf,(1/2+),,0.0099,9.9 ms,SF:83 A:17,7380,93642,1997
104,150,Rf,0+,,2.32e-05,23.2 us,SF:100 A:1.5,7384,93201,1997
104,151,Rf,(9/2-),,1.68,1.68 s,SF:58 A:42 EC+B+:1,7382,94329,1975
104,152,Rf,0+,,0.00667,6.67 ms,SF:99.68 A:0.32,7385.43,94221.992,1975
104,153,Rf,(1/2+),,4.4,4.4 s,A:79.3 EC:19.4 SF:1.3,7381.71,95866.389,1969
104,154,Rf,0+,,0.012,12.0 ms,SF:95.1 A:4.9,7382.53,96344.338,1969
104,155,Rf,,,2.4,2.4 s,A:92 EC:15 SF:8,7377,98367,1969
104,156,Rf,0+,,0.021,21 ms,SF:100,7377,99148,1985
104,157,Rf,,,68,68 s,A:100,7371.39,101318.23,1970
104,158,Rf,0+,,2.3,2.3 s,SF:100,7370,102392,1985
104,159,Rf,,,600,10 m,A:30 SF,7364,104757,2003
104,161,Rf,,,60,1.0 m,SF:100,7354,108690,2010
104,163,Rf,,,4680,1.3 h,SF:100 A:33.3,7342,113444,2004
105,150,Db,,,1.6,1.6 s,A:80 SF:20,7359,99595,1976
105,151,Db,,,1.6,1.6 s,A:70 EC:30 SF,7359,100298,2001
105,152,Db,(9/2+),,2.3,2.3 s,A:94 SF:6,7361.98,100154.29,1985
105,153,Db,(5+ 6+),,4.3,4.3 s,A:77 EC+B+:23,7359.48,101507.7,1985
105,154,Db,[9/2+],,0.51,0.51 s,A,7360.36,101991.02,2001
105,155,Db,,,1.52,1.52 s,A:90.4 SF:9.6 EC:2.5,7357,103673,1970
105,156,Db,,,1.8,1.8 s,A:82 SF:18,7357,104308,1970
105,157,Db,,,35,35 s,A:67,7352,106253,1971
105,158,Db,,,27,27 s,SF:57 A:43,7352,107110,1992
105,161,Db,,,1440,0.4 h,SF:100 EC A,7339,112740,2007
105,162,Db,,,4740,79 m,SF:100 A:25,7337,114014,2004
105,163,Db,,,1.008e+05,28 h,SF:100 EC+B+ A,7328,117060,2004
105,165,Db,,,5.4e+04,15 h,SF:100 A,7314,122397,2010
106,152,Sg,0+,,0.0025,2.5 ms,SF:90 A:20,7342,105296,1997
106,153,Sg,,,0.29,0.29 s,A:90 SF:20 EC:13,7340,106519,1985
106,154,Sg,0+,,0.0036,3.6 ms,A:50 SF:50,7342.56,106547.49,1984
106,155,Sg,,,0.23,0.23 s,A:100 SF:1,7339.77,108005,1984
106,156,Sg,0+,,0.0069,6.9 ms,SF:78 A:22,7341.17,108369.07,2001
106,157,Sg,,,1,1.0 s,A:70 SF:30,7337,110195,1974
106,158,Sg,0+,,0.037,37 ms,SF:100 A:36,7338,110783,2006
106,159,Sg,,,14.4,14.4 s,SF:50 A:50,7333,112794,1994
106,160,Sg,0+,,0.34,0.34 s,SF:100 A:18,7332,113617,2006
106,161,Sg,,,84,84 s,SF:83 A:17,7327,115806,2008
106,163,Sg,,,130,1.3E2 s,A:100 SF:15,7318,119692,2010
106,165,Sg,,,96,96 s,A:50 SF:50,7305,124617,2004
107,153,Bh,,,0.035,35 ms,A:100 SF:18 EC:18,7314,113123,2008
107,154,Bh,,,0.012,12 ms,A:95 SF:10,7317.33,113079.41,1989
107,155,Bh,,,0.102,102 ms,A:100,7315.73,114252.12,1981
107,156,Bh,,,,,,7318,114496,
107,157,Bh,,,0.44,0.44 s,A:100,7315,115958,1995
107,158,Bh,,,,,,7316,116395,2004
107,159,Bh,,,2.1,2.1 s,A:100 SF,7313,118104,2000
107,160,Bh,,,14,14 s,A:100 SF:8,7313,118765,2000
107,163,Bh,,,60,1.0 m,A:100 SF,7301,124230,2007
107,164,Bh,,,1.5,1.5 s,A:100 SF:25,7298,125859,2013
107,165,Bh,,,10.5,10.5 s,A:100,7290,128787,2004
107,167,Bh,,,44,44 s,A:100 SF,7278,133762,2010
107,171,Bh,,,1140,19 m,SF:100 A:50,7251,144370,2016
108,155,Hs,,,,,A:100,7295,119678,2009
108,156,Hs,0+,,0.0008,0.8 ms,A:50 SF:50,7298.38,119563.16,1986
108,157,Hs,,,0.002,2.0 ms,A:100 SF:1,7296.25,120900.24,1984
108,158,Hs,0+,,0.00297,2.97 ms,A:76 SF:24,7298.26,121139.68,2001
108,159,Hs,,,0.043,43 ms,A:100,7295,122658,1995
108,160,Hs,0+,,0.4,0.4 s,A:100,7297,122968,2010
108,161,Hs,,,13,13 s,A:100 SF:5,7294,124493,1996
108,162,Hs,0+,,7.6,7.6 s,A:50 SF:50,7295,125112,2003
108,163,Hs,,,,,A:100 SF:15,7288,127691,2008
108,165,Hs,,,0.51,0.51 s,A:100 SF:12.5,7279,131767,2010
108,167,Hs,,,0.2,0.20 s,A:100 SF:20,7268,136492,2004
108,169,Hs,,,0.003,3 ms,SF:100 A:50,7256,141375,2010
108,170,Hs,0+,,1140,19 m,SF:100 A:50,7252,143220,2016
109,157,Mt,,,0.0021,2.1 ms,A:75 SF:25,7270.76,127672.68,1982
109,159,Mt,,,0.021,21 ms,A:100,7271,129151,1995
109,161,Mt,,,0.48,0.48 s,A:100,7271,130709,2004
109,165,Mt,,,0.44,0.44 s,A:100 SF,7259,137249,2007
109,166,Mt,,,0.02,20 ms,A:100 SF:25,7257,138767,2004
109,167,Mt,,,0.69,0.69 s,A:100,7250,141312,2004
109,168,Mt,,,0.004,4 ms,SF:100 A:20,7247,143008,2013
109,169,Mt,,,4.5,4.5 s,A:100 SF,7240,145767,2010
109,173,Mt,,,66,1.1 m,A:100 SF:50,7218,155455,2016
110,157,Ds,,,3e-06,3 us,A:100,7248,133880,1995
110,159,Ds,,,0.00018,0.18 ms,A:100 SF:25,7250.16,134834.67,1995
110,160,Ds,0+,,0.0002,0.20 ms,A:100 SF,7253.76,134681.58,2001
110,161,Ds,,,0.0016,1.6 ms,A:100,7252,135952,1998
110,163,Ds,,,0.00019,0.19 ms,A:100 SF:17,7250,138285,1996
110,167,Ds,,,0.0035,3.5 ms,A:100 SF:12.5,7237,145092,2010
110,169,Ds,,,0.216,0.216 s,SF:88.5 A:12.5,7229,149024,2004
110,170,Ds,0+,,0.007,7 ms,SF:100,7227,150320,1999
110,171,Ds,,,12,12 s,SF:94 A:6,7220,153273,2004
110,172,Ds,0+,,66,1.1 m,A:100 SF:50,7217,154790,2016
111,161,Rg,,,0.0038,3.8 ms,A:100,7227,142773,1995
111,163,Rg,,,0.012,12 ms,A:100,7227,144612,2004
111,167,Rg,,,0.0042,4.2 ms,A:100 SF,7218,150521,2007
111,168,Rg,,,0.09,0.09 s,A:100 SF:25,7216,151721,2004
111,169,Rg,,,4.4,4.4 s,A:100,7212,153886,2004
111,170,Rg,,,15,15 s,SF:82 A:18,7209,155333,2010
111,171,Rg,,,100,100 s,A:100 SF,7204,157742,2010
111,175,Rg,,,660,11 m,A:100 SF:54,7185,166510,2016
112,165,Cn,,,0.00061,0.61 ms,A:100 SF:17,7205,152332,1996
112,169,Cn,,,0.18,0.18 s,A:100 SF:12.5,7197,157947,2010
112,170,Cn,0+,,0.00096,0.96 ms,SF:100 A:7,7197,158826,2004
112,171,Cn,,,4.6,4.6 s,A:85 SF:15,7192,161337,2004
112,172,Cn,0+,,0.108,108 ms,SF:100 A:3,7191,162415,2004
112,173,Cn,,,33,33 s,A:100 SF:6,7185,165086,2004
112,174,Cn,0+,,660,11 m,A:100 SF:50,7183,166450,2016
113,165,Nh,,,0.0014,1.4 ms,A:100,7181,159030,2004
113,169,Nh,,,0.07,0.07 s,A:100 SF,7177,163729,2007
113,170,Nh,,,0.07,0.07 s,A:100 SF:25,7177,164563,2004
113,171,Nh,,,0.97,0.97 s,A:100,7173,166591,2004
113,172,Nh,,,0.93,0.93 s,A:100 SF:5,7172,167768,2010
113,173,Nh,,,9.5,9.5 s,A:100 SF,7168,169957,2010
113,177,Nh,,,2,2 s,A:100 SF:50,7152,178315,2016
114,170,Fl,0+,,0.0025,2.5 ms,SF:100 A:25,7163,168779,2015
114,171,Fl,,,0.101,101 ms,A:100 SF:12.5,7159,170932,2010
114,172,Fl,0+,,0.166,166 ms,A:60 SF:40,7159,171606,2004
114,173,Fl,,,0.4,0.40 s,A:100 SF:5,7155,173929,2004
114,174,Fl,0+,,0.64,0.64 s,A:100 SF:3,7154,174917,2004
114,175,Fl,,,2.4,2.4 s,A:100 SF:6,7149,177465,2004
114,176,Fl,0+,,19,19 s,EC+B+:100 SF:50 A:50,7147,178731,2016
115,172,Mc,,,0.037,37 ms,A:100 SF:25,7139,177748,2004
115,173,Mc,,,0.17,0.17 s,A:100,7135,179666,2004
115,174,Mc,,,0.296,296 ms,A:100 SF:5,7135,180683,2010
115,175,Mc,,,0.65,0.65 s,A:100 SF,7131,182792,2010
116,174,Lv,0+,,0.0083,8.3 ms,A:100 SF:8,7120,185028,2004
116,175,Lv,,,0.019,19 ms,A:100 SF:20,7116,187244,2004
116,176,Lv,0+,,0.0128,12.8 ms,A:100 SF:9,7116,188133,2004
116,177,Lv,,,0.095,95 ms,A:100 SF:12.5,7111,190568,2004
116,178,Lv,0+,,,,,,,
117,176,Ts,,,0.021,21 ms,A:100 SF:6,7095,194428,2010
117,177,Ts,,,0.051,51 ms,A:100,7092,196397,2010
118,176,Og,0+,,0.00058,0.58 ms,A:100 SF:20,7079,199320,2004
